run_id,agent,seed,temperature,tau,sigma,episodes,recall,precision,detections_per_joule,false_alarms,coverage,time_to_first_detection,ece,signed_calibration_error,accuracy,pool_split
lawnmower__s0__T0.3__tau0.55__sig1.5,lawnmower,0,0.3,0.55,1.5,20,0.36824142438731655,0.3315647333054132,0.10393170426065086,130.95,0.390625,10.15,,,,shift
lawnmower__s1__T0.3__tau0.55__sig1.5,lawnmower,1,0.3,0.55,1.5,20,0.3445561703109302,0.297095004915261,0.08983395989974871,132.55,0.390625,10.35,,,,shift
lawnmower__s2__T0.3__tau0.55__sig1.5,lawnmower,2,0.3,0.55,1.5,20,0.38383017455180357,0.33421198578636113,0.10307017543859573,128.25,0.390625,9.1,,,,shift
lawnmower__s3__T0.3__tau0.55__sig1.5,lawnmower,3,0.3,0.55,1.5,20,0.3584825354701145,0.30893332457543216,0.09586466165413463,134.4,0.390625,6.7,,,,shift
lawnmower__s4__T0.3__tau0.55__sig1.5,lawnmower,4,0.3,0.55,1.5,20,0.3383109764575337,0.29565424156401254,0.08999060150375873,133.3,0.390625,9.75,,,,shift
lawnmower__s0__T0.5__tau0.55__sig1.5,lawnmower,0,0.5,0.55,1.5,20,0.3676160442170003,0.33463714473343165,0.10377506265664083,128.75,0.390625,10.15,,,,shift
lawnmower__s1__T0.5__tau0.55__sig1.5,lawnmower,1,0.5,0.55,1.5,20,0.343934346808697,0.3002576140154224,0.08967731829573869,130.35,0.390625,10.4,,,,shift
lawnmower__s2__T0.5__tau0.55__sig1.5,lawnmower,2,0.5,0.55,1.5,20,0.3815594925386764,0.33616132081113037,0.10244360902255564,126.3,0.390625,9.1,,,,shift
lawnmower__s3__T0.5__tau0.55__sig1.5,lawnmower,3,0.5,0.55,1.5,20,0.3579027551083574,0.31202682144239835,0.0957080200501246,132.25,0.390625,6.7,,,,shift
lawnmower__s4__T0.5__tau0.55__sig1.5,lawnmower,4,0.5,0.55,1.5,20,0.33732741950100953,0.29811309258618535,0.0897556390977437,131.4,0.390625,9.75,,,,shift
lawnmower__s0__T1__tau0.55__sig1.5,lawnmower,0,1.0,0.55,1.5,20,0.36612939684495155,0.33758144582002747,0.10330513784461078,126.5,0.390625,10.15,,,,shift
lawnmower__s1__T1__tau0.55__sig1.5,lawnmower,1,1.0,0.55,1.5,20,0.34252192861542774,0.3029703857403555,0.08936403508771865,128.15,0.390625,10.4,,,,shift
lawnmower__s2__T1__tau0.55__sig1.5,lawnmower,2,1.0,0.55,1.5,20,0.37904379124608667,0.3380857454741123,0.10173872180451053,124.25,0.390625,9.1,,,,shift
lawnmower__s3__T1__tau0.55__sig1.5,lawnmower,3,1.0,0.55,1.5,20,0.3571073493360103,0.3163699893931031,0.09547305764410957,129.15,0.390625,6.7,,,,shift
lawnmower__s4__T1__tau0.55__sig1.5,lawnmower,4,1.0,0.55,1.5,20,0.33500256268373996,0.3003019630676633,0.08912907268170359,129.15,0.390625,9.75,,,,shift
lawnmower__s0__T2__tau0.55__sig1.5,lawnmower,0,2.0,0.55,1.5,20,0.36275561476604123,0.34785776953735936,0.10236528822055062,119.6,0.390625,10.15,,,,shift
lawnmower__s1__T2__tau0.55__sig1.5,lawnmower,1,2.0,0.55,1.5,20,0.33500762275897283,0.30933537168474345,0.08748433583959835,121.7,0.390625,10.4,,,,shift
lawnmower__s2__T2__tau0.55__sig1.5,lawnmower,2,2.0,0.55,1.5,20,0.37637786395240835,0.3466913178609251,0.1009555137844604,118.65,0.390625,9.1,,,,shift
lawnmower__s3__T2__tau0.55__sig1.5,lawnmower,3,2.0,0.55,1.5,20,0.35482577071649773,0.3253906754931061,0.09484649122806947,122.9,0.390625,6.7,,,,shift
lawnmower__s4__T2__tau0.55__sig1.5,lawnmower,4,2.0,0.55,1.5,20,0.33096028161857366,0.31132098329787056,0.08803258145363344,120.85,0.390625,9.75,,,,shift
lawnmower__s0__T3__tau0.55__sig1.5,lawnmower,0,3.0,0.55,1.5,20,0.36113410787888,0.3547562618874919,0.10189536340852054,115.2,0.390625,10.15,,,,shift
lawnmower__s1__T3__tau0.55__sig1.5,lawnmower,1,3.0,0.55,1.5,20,0.33415445125987675,0.3191682050265462,0.08724937343358333,115.75,0.390625,10.4,,,,shift
lawnmower__s2__T3__tau0.55__sig1.5,lawnmower,2,3.0,0.55,1.5,20,0.3744762264591559,0.3549361393697903,0.1004072681704253,113.75,0.390625,9.1,,,,shift
lawnmower__s3__T3__tau0.55__sig1.5,lawnmower,3,3.0,0.55,1.5,20,0.35389199283169126,0.33579466487633347,0.09461152882205444,117.1,0.390625,6.7,,,,shift
lawnmower__s4__T3__tau0.55__sig1.5,lawnmower,4,3.0,0.55,1.5,20,0.3294467641833395,0.3204206445934069,0.08764097744360835,115.25,0.390625,9.75,,,,shift
lawnmower__s0__T4__tau0.55__sig1.5,lawnmower,0,4.0,0.55,1.5,20,0.3572747087102971,0.3578716858341164,0.10079887218045039,112.5,0.390625,10.15,,,,shift
lawnmower__s1__T4__tau0.55__sig1.5,lawnmower,1,4.0,0.55,1.5,20,0.3312935407321742,0.32347018448640313,0.0865444862155382,112.55,0.390625,10.4,,,,shift
lawnmower__s2__T4__tau0.55__sig1.5,lawnmower,2,4.0,0.55,1.5,20,0.37071887502691164,0.357728794942619,0.09938909774436017,111.3,0.390625,9.1,,,,shift
lawnmower__s3__T4__tau0.55__sig1.5,lawnmower,3,4.0,0.55,1.5,20,0.35052996675643544,0.3410784335537994,0.0936716791979943,113.25,0.390625,6.7,,,,shift
lawnmower__s4__T4__tau0.55__sig1.5,lawnmower,4,4.0,0.55,1.5,20,0.3242647862623831,0.321902814279215,0.08623120300751816,112.5,0.390625,9.85,,,,shift
lawnmower__s0__T0.3__tau0.6__sig1.5,lawnmower,0,0.3,0.6,1.5,20,0.3676160442170003,0.33528035168232334,0.10377506265664083,128.4,0.390625,10.15,,,,shift
lawnmower__s1__T0.3__tau0.6__sig1.5,lawnmower,1,0.3,0.6,1.5,20,0.3436683893618885,0.300729382346127,0.08959899749373368,129.95,0.390625,10.4,,,,shift
lawnmower__s2__T0.3__tau0.6__sig1.5,lawnmower,2,0.3,0.6,1.5,20,0.3811778131493634,0.3369798467007787,0.10236528822055062,125.7,0.390625,9.1,,,,shift
lawnmower__s3__T0.3__tau0.6__sig1.5,lawnmower,3,0.3,0.6,1.5,20,0.35761205743393876,0.3129789379336304,0.09562969924811958,131.6,0.390625,6.7,,,,shift
lawnmower__s4__T0.3__tau0.6__sig1.5,lawnmower,4,0.3,0.6,1.5,20,0.3370893242629143,0.2983911210647542,0.08967731829573869,131.05,0.390625,9.75,,,,shift
lawnmower__s0__T0.5__tau0.6__sig1.5,lawnmower,0,0.5,0.6,1.5,20,0.36612939684495155,0.33758144582002747,0.10330513784461078,126.5,0.390625,10.15,,,,shift
lawnmower__s1__T0.5__tau0.6__sig1.5,lawnmower,1,0.5,0.6,1.5,20,0.34215960977484805,0.3027674273640225,0.08928571428571362,128.15,0.390625,10.4,,,,shift
lawnmower__s2__T0.5__tau0.6__sig1.5,lawnmower,2,0.5,0.6,1.5,20,0.37904379124608667,0.3380857454741123,0.10173872180451053,124.25,0.390625,9.1,,,,shift
lawnmower__s3__T0.5__tau0.6__sig1.5,lawnmower,3,0.5,0.6,1.5,20,0.3571073493360103,0.3163699893931031,0.09547305764410957,129.15,0.390625,6.7,,,,shift
lawnmower__s4__T0.5__tau0.6__sig1.5,lawnmower,4,0.5,0.6,1.5,20,0.33500256268373996,0.3003019630676633,0.08912907268170359,129.15,0.390625,9.75,,,,shift
lawnmower__s0__T1__tau0.6__sig1.5,lawnmower,0,1.0,0.6,1.5,20,0.36275561476604123,0.34785776953735936,0.10236528822055062,119.6,0.390625,10.15,,,,shift
lawnmower__s1__T1__tau0.6__sig1.5,lawnmower,1,1.0,0.6,1.5,20,0.33500762275897283,0.30933537168474345,0.08748433583959835,121.7,0.390625,10.4,,,,shift
lawnmower__s2__T1__tau0.6__sig1.5,lawnmower,2,1.0,0.6,1.5,20,0.37637786395240835,0.3466913178609251,0.1009555137844604,118.65,0.390625,9.1,,,,shift
lawnmower__s3__T1__tau0.6__sig1.5,lawnmower,3,1.0,0.6,1.5,20,0.35482577071649773,0.3253906754931061,0.09484649122806947,122.9,0.390625,6.7,,,,shift
lawnmower__s4__T1__tau0.6__sig1.5,lawnmower,4,1.0,0.6,1.5,20,0.33096028161857366,0.31132098329787056,0.08803258145363344,120.85,0.390625,9.75,,,,shift
lawnmower__s0__T2__tau0.6__sig1.5,lawnmower,0,2.0,0.6,1.5,20,0.3569984656163745,0.3581666814906894,0.10072055137844538,112.3,0.390625,10.15,,,,shift
lawnmower__s1__T2__tau0.6__sig1.5,lawnmower,1,2.0,0.6,1.5,20,0.3312935407321742,0.3242499397087316,0.0865444862155382,112.15,0.390625,10.4,,,,shift
lawnmower__s2__T2__tau0.6__sig1.5,lawnmower,2,2.0,0.6,1.5,20,0.3703877491990971,0.35830060872001374,0.09931077694235516,110.95,0.390625,9.1,,,,shift
lawnmower__s3__T2__tau0.6__sig1.5,lawnmower,3,2.0,0.6,1.5,20,0.3503087278183824,0.34153800497943626,0.09359335839598928,112.9,0.390625,6.7,,,,shift
lawnmower__s4__T2__tau0.6__sig1.5,lawnmower,4,2.0,0.6,1.5,20,0.32399596905808203,0.3223661216685366,0.08615288220551313,112.2,0.390625,9.85,,,,shift
lawnmower__s0__T3__tau0.6__sig1.5,lawnmower,0,3.0,0.6,1.5,20,0.34721747215030624,0.3807994836981591,0.09790100250626495,98.95,0.390625,10.25,,,,shift
lawnmower__s1__T3__tau0.6__sig1.5,lawnmower,1,3.0,0.6,1.5,20,0.31985536607699194,0.3411244756378521,0.08356829573934774,99.95,0.390625,10.4,,,,shift
lawnmower__s2__T3__tau0.6__sig1.5,lawnmower,2,3.0,0.6,1.5,20,0.35944211350921657,0.3774630913728831,0.0964129072681697,98.95,0.390625,9.3,,,,shift
lawnmower__s3__T3__tau0.6__sig1.5,lawnmower,3,3.0,0.6,1.5,20,0.34162475625794164,0.35894218067359956,0.09132205513784393,101.7,0.390625,7.15,,,,shift
lawnmower__s4__T3__tau0.6__sig1.5,lawnmower,4,3.0,0.6,1.5,20,0.31565764907669003,0.3428556808115962,0.08388157894736778,99.3,0.390625,9.85,,,,shift
lawnmower__s0__T4__tau0.6__sig1.5,lawnmower,0,4.0,0.6,1.5,20,0.3403094756777872,0.3949838379405516,0.09602130325814465,91.1,0.390625,10.25,,,,shift
lawnmower__s1__T4__tau0.6__sig1.5,lawnmower,1,4.0,0.6,1.5,20,0.314614699564282,0.3567388173727464,0.08215852130325753,91.55,0.390625,10.4,,,,shift
lawnmower__s2__T4__tau0.6__sig1.5,lawnmower,2,4.0,0.6,1.5,20,0.35081170060020234,0.38812449982586916,0.09406328320801936,92.2,0.390625,9.35,,,,shift
lawnmower__s3__T4__tau0.6__sig1.5,lawnmower,3,4.0,0.6,1.5,20,0.33487687510992337,0.37350244102445795,0.08952067669172865,93.35,0.390625,7.15,,,,shift
lawnmower__s4__T4__tau0.6__sig1.5,lawnmower,4,4.0,0.6,1.5,20,0.310030782897892,0.35657083529068134,0.08231516290726755,91.75,0.390625,9.9,,,,shift
lawnmower__s0__T0.3__tau0.65__sig1.5,lawnmower,0,0.3,0.65,1.5,20,0.36664246607100826,0.33787189217708047,0.10346177944862078,126.5,0.390625,10.15,,,,shift
lawnmower__s1__T0.3__tau0.65__sig1.5,lawnmower,1,0.3,0.65,1.5,20,0.34252192861542774,0.3029703857403555,0.08936403508771865,128.15,0.390625,10.4,,,,shift
lawnmower__s2__T0.3__tau0.65__sig1.5,lawnmower,2,0.3,0.65,1.5,20,0.37927634938562155,0.33826623596736105,0.10181704260651554,124.25,0.390625,9.1,,,,shift
lawnmower__s3__T0.3__tau0.65__sig1.5,lawnmower,3,0.3,0.65,1.5,20,0.3571073493360103,0.3163699893931031,0.09547305764410957,129.15,0.390625,6.7,,,,shift
lawnmower__s4__T0.3__tau0.65__sig1.5,lawnmower,4,0.3,0.65,1.5,20,0.33531901837994244,0.3004555991209238,0.0892073934837086,129.15,0.390625,9.75,,,,shift
lawnmower__s0__T0.5__tau0.65__sig1.5,lawnmower,0,0.5,0.65,1.5,20,0.36298288749331403,0.34313274935260896,0.10244360902255564,122.3,0.390625,10.15,,,,shift
lawnmower__s1__T0.5__tau0.65__sig1.5,lawnmower,1,0.5,0.65,1.5,20,0.33754404430051016,0.30582249620250745,0.08811090225563843,124.55,0.390625,10.4,,,,shift
lawnmower__s2__T0.5__tau0.65__sig1.5,lawnmower,2,0.5,0.65,1.5,20,0.3771372224255721,0.3434503664243933,0.10119047619047543,120.6,0.390625,9.1,,,,shift
lawnmower__s3__T0.5__tau0.65__sig1.5,lawnmower,3,0.5,0.65,1.5,20,0.35533047881442614,0.3219672455389223,0.09500313283207949,125.15,0.390625,6.7,,,,shift
lawnmower__s4__T0.5__tau0.65__sig1.5,lawnmower,4,0.5,0.65,1.5,20,0.33149225671761157,0.3082486343099749,0.08818922305764344,122.95,0.390625,9.75,,,,shift
lawnmower__s0__T1__tau0.65__sig1.5,lawnmower,0,1.0,0.65,1.5,20,0.36090683515160726,0.3552085984129268,0.10181704260651554,114.9,0.390625,10.15,,,,shift
lawnmower__s1__T1__tau0.65__sig1.5,lawnmower,1,1.0,0.65,1.5,20,0.33415445125987675,0.3199706140075995,0.08724937343358333,115.3,0.390625,10.4,,,,shift
lawnmower__s2__T1__tau0.65__sig1.5,lawnmower,2,1.0,0.65,1.5,20,0.3744762264591559,0.3556208363553829,0.1004072681704253,113.4,0.390625,9.1,,,,shift
lawnmower__s3__T1__tau0.65__sig1.5,lawnmower,3,1.0,0.65,1.5,20,0.3533582538936381,0.336442237424981,0.09445488721804442,116.6,0.390625,6.7,,,,shift
lawnmower__s4__T1__tau0.65__sig1.5,lawnmower,4,1.0,0.65,1.5,20,0.3294467641833395,0.3207842198691778,0.08764097744360835,115.05,0.390625,9.75,,,,shift
lawnmower__s0__T2__tau0.65__sig1.5,lawnmower,0,2.0,0.65,1.5,20,0.34694865494600513,0.3835500979708341,0.09782268170425992,97.7,0.390625,10.25,,,,shift
lawnmower__s1__T2__tau0.65__sig1.5,lawnmower,1,2.0,0.65,1.5,20,0.3188433720739934,0.34311920179884076,0.0833333333333327,98.7,0.390625,10.4,,,,shift
lawnmower__s2__T2__tau0.65__sig1.5,lawnmower,2,2.0,0.65,1.5,20,0.35839321418021974,0.3788061960906345,0.09609962406014966,98.05,0.390625,9.3,,,,shift
lawnmower__s3__T2__tau0.65__sig1.5,lawnmower,3,2.0,0.65,1.5,20,0.34059482516405704,0.36057371061505855,0.09100877192982389,100.65,0.390625,7.15,,,,shift
lawnmower__s4__T2__tau0.65__sig1.5,lawnmower,4,2.0,0.65,1.5,20,0.31565764907669003,0.34544342509759873,0.08388157894736778,98.2,0.390625,9.85,,,,shift
lawnmower__s0__T3__tau0.65__sig1.5,lawnmower,0,3.0,0.65,1.5,20,0.3347635985026266,0.40343707634110293,0.09445488721804442,86.4,0.390625,10.3,,,,shift
lawnmower__s1__T3__tau0.65__sig1.5,lawnmower,1,3.0,0.65,1.5,20,0.3077188523374974,0.362505247758916,0.08043546365914726,87.35,0.390625,10.4,,,,shift
lawnmower__s2__T3__tau0.65__sig1.5,lawnmower,2,3.0,0.65,1.5,20,0.3446176676144142,0.3947133629989163,0.09234022556390908,88.05,0.390625,9.35,,,,shift
lawnmower__s3__T3__tau0.65__sig1.5,lawnmower,3,3.0,0.65,1.5,20,0.32709254781651037,0.3798815321185843,0.08748433583959835,88.6,0.390625,7.15,,,,shift
lawnmower__s4__T3__tau0.65__sig1.5,lawnmower,4,3.0,0.65,1.5,20,0.30374025434266744,0.36365692550569967,0.08074874686716732,87.3,0.390625,10.05,,,,shift
lawnmower__s0__T4__tau0.65__sig1.5,lawnmower,0,4.0,0.65,1.5,20,0.321629349762122,0.4241880669368571,0.09085213032581388,75.85,0.390625,10.3,,,,shift
lawnmower__s1__T4__tau0.65__sig1.5,lawnmower,1,4.0,0.65,1.5,20,0.29547253652831057,0.38380747003044513,0.07714598997493677,76.3,0.390625,10.4,,,,shift
lawnmower__s2__T4__tau0.65__sig1.5,lawnmower,2,4.0,0.65,1.5,20,0.32637490817726544,0.4120361351315539,0.08709273182957329,77.45,0.390625,9.7,,,,shift
lawnmower__s3__T4__tau0.65__sig1.5,lawnmower,3,4.0,0.65,1.5,20,0.31098418767501956,0.400052622244979,0.08294172932330765,77.1,0.390625,7.45,,,,shift
lawnmower__s4__T4__tau0.65__sig1.5,lawnmower,4,4.0,0.65,1.5,20,0.2909384229930364,0.38722268895378614,0.07730263157894679,75.45,0.390625,10.05,,,,shift
lawnmower__s0__T0.3__tau0.7__sig1.5,lawnmower,0,0.3,0.7,1.5,20,0.3642148568333838,0.3397447655835723,0.10275689223057569,124.65,0.390625,10.15,,,,shift
lawnmower__s1__T0.3__tau0.7__sig1.5,lawnmower,1,0.3,0.7,1.5,20,0.3403931480933945,0.3043013794201411,0.08881578947368354,126.55,0.390625,10.4,,,,shift
lawnmower__s2__T0.3__tau0.7__sig1.5,lawnmower,2,0.3,0.7,1.5,20,0.37835461210198557,0.34152702133174423,0.10150375939849547,122.05,0.390625,9.1,,,,shift
lawnmower__s3__T0.3__tau0.7__sig1.5,lawnmower,3,0.3,0.7,1.5,20,0.3564862073607017,0.31865585599810997,0.09531641604009954,127.6,0.390625,6.7,,,,shift
lawnmower__s4__T0.3__tau0.7__sig1.5,lawnmower,4,0.3,0.7,1.5,20,0.33284918746419534,0.3033933597473254,0.0885808270676685,126.4,0.390625,9.75,,,,shift
lawnmower__s0__T0.5__tau0.7__sig1.5,lawnmower,0,0.5,0.7,1.5,20,0.36275561476604123,0.3483446323645805,0.10236528822055062,119.35,0.390625,10.15,,,,shift
lawnmower__s1__T0.5__tau0.7__sig1.5,lawnmower,1,0.5,0.7,1.5,20,0.33500762275897283,0.3100411995879022,0.08748433583959835,121.25,0.390625,10.4,,,,shift
lawnmower__s2__T0.5__tau0.7__sig1.5,lawnmower,2,0.5,0.7,1.5,20,0.37637786395240835,0.3472265802917876,0.1009555137844604,118.35,0.390625,9.1,,,,shift
lawnmower__s3__T0.5__tau0.7__sig1.5,lawnmower,3,0.5,0.7,1.5,20,0.35482577071649773,0.3257792568344269,0.09484649122806947,122.65,0.390625,6.7,,,,shift
lawnmower__s4__T0.5__tau0.7__sig1.5,lawnmower,4,0.5,0.7,1.5,20,0.33096028161857366,0.31176776750897395,0.08803258145363344,120.6,0.390625,9.75,,,,shift
lawnmower__s0__T1__tau0.7__sig1.5,lawnmower,0,1.0,0.7,1.5,20,0.35647591710373266,0.3602404848045133,0.10056390977443537,111.05,0.390625,10.15,,,,shift
lawnmower__s1__T1__tau0.7__sig1.5,lawnmower,1,1.0,0.7,1.5,20,0.3310061844103351,0.3267554304936878,0.0864661654135332,110.75,0.390625,10.4,,,,shift
lawnmower__s2__T1__tau0.7__sig1.5,lawnmower,2,1.0,0.7,1.5,20,0.37010841959015855,0.3607879410317153,0.09923245614035014,109.65,0.390625,9.3,,,,shift
lawnmower__s3__T1__tau0.7__sig1.5,lawnmower,3,1.0,0.7,1.5,20,0.3500262419426762,0.3429590266400344,0.09351503759398427,112.1,0.390625,6.7,,,,shift
lawnmower__s4__T1__tau0.7__sig1.5,lawnmower,4,1.0,0.7,1.5,20,0.32334253646916555,0.3235855015901306,0.08599624060150311,111.3,0.390625,9.85,,,,shift
lawnmower__s0__T2__tau0.7__sig1.5,lawnmower,0,2.0,0.7,1.5,20,0.3388180798735197,0.3954814390007758,0.09562969924811959,90.5,0.390625,10.25,,,,shift
lawnmower__s1__T2__tau0.7__sig1.5,lawnmower,1,2.0,0.7,1.5,20,0.31182776011301405,0.3568211275846345,0.08153195488721743,90.8,0.390625,10.4,,,,shift
lawnmower__s2__T2__tau0.7__sig1.5,lawnmower,2,2.0,0.7,1.5,20,0.34924041076885215,0.3886891155372171,0.0936716791979943,91.6,0.390625,9.35,,,,shift
lawnmower__s3__T2__tau0.7__sig1.5,lawnmower,3,2.0,0.7,1.5,20,0.3329585620143215,0.3740980096916043,0.08905075187969858,92.6,0.390625,7.15,,,,shift
lawnmower__s4__T2__tau0.7__sig1.5,lawnmower,4,2.0,0.7,1.5,20,0.30867627922815766,0.35795953356560284,0.0820018796992475,90.9,0.390625,10.05,,,,shift
lawnmower__s0__T3__tau0.7__sig1.5,lawnmower,0,3.0,0.7,1.5,20,0.31882120473231923,0.42343782244848577,0.09006892230576376,75.45,0.390625,10.3,,,,shift
lawnmower__s1__T3__tau0.7__sig1.5,lawnmower,1,3.0,0.7,1.5,20,0.29425594351888473,0.3838874747925674,0.07683270676691673,76.0,0.390625,10.4,,,,shift
lawnmower__s2__T3__tau0.7__sig1.5,lawnmower,2,3.0,0.7,1.5,20,0.3224130194678924,0.4099640367163235,0.08599624060150311,77.1,0.390625,9.7,,,,shift
lawnmower__s3__T3__tau0.7__sig1.5,lawnmower,3,3.0,0.7,1.5,20,0.3086234506998271,0.40005234820905927,0.08231516290726756,76.5,0.390625,7.45,,,,shift
lawnmower__s4__T3__tau0.7__sig1.5,lawnmower,4,3.0,0.7,1.5,20,0.2897483826975385,0.3876599925987935,0.07698934837092675,74.95,0.390625,10.05,,,,shift
lawnmower__s0__T4__tau0.7__sig1.5,lawnmower,0,4.0,0.7,1.5,20,0.30024041064683404,0.4566288443341458,0.08474310776942293,62.1,0.390625,10.4,,,,shift
lawnmower__s1__T4__tau0.7__sig1.5,lawnmower,1,4.0,0.7,1.5,20,0.27903525822968894,0.41926305070468206,0.07299498746867114,61.75,0.390625,10.8,,,,shift
lawnmower__s2__T4__tau0.7__sig1.5,lawnmower,2,4.0,0.7,1.5,20,0.3032759841099725,0.4445173876441988,0.08114035087719237,62.7,0.390625,16.0,,,,shift
lawnmower__s3__T4__tau0.7__sig1.5,lawnmower,3,4.0,0.7,1.5,20,0.29135688595424397,0.4364253427567208,0.07777255639097688,62.05,0.390625,8.2,,,,shift
lawnmower__s4__T4__tau0.7__sig1.5,lawnmower,4,4.0,0.7,1.5,20,0.2691306606684384,0.4130135946271807,0.07182017543859595,62.35,0.390625,10.25,,,,shift
lawnmower__s0__T0.3__tau0.75__sig1.5,lawnmower,0,0.3,0.75,1.5,20,0.36298288749331403,0.34313274935260896,0.10244360902255564,122.3,0.390625,10.15,,,,shift
lawnmower__s1__T0.3__tau0.75__sig1.5,lawnmower,1,0.3,0.75,1.5,20,0.33754404430051016,0.30582249620250745,0.08811090225563843,124.55,0.390625,10.4,,,,shift
lawnmower__s2__T0.3__tau0.75__sig1.5,lawnmower,2,0.3,0.75,1.5,20,0.3771372224255721,0.3434503664243933,0.10119047619047543,120.6,0.390625,9.1,,,,shift
lawnmower__s3__T0.3__tau0.75__sig1.5,lawnmower,3,0.3,0.75,1.5,20,0.35533047881442614,0.3219672455389223,0.09500313283207949,125.15,0.390625,6.7,,,,shift
lawnmower__s4__T0.3__tau0.75__sig1.5,lawnmower,4,0.3,0.75,1.5,20,0.33149225671761157,0.3082486343099749,0.08818922305764344,122.95,0.390625,9.75,,,,shift
lawnmower__s0__T0.5__tau0.75__sig1.5,lawnmower,0,0.5,0.75,1.5,20,0.36155954647537125,0.3518666304861104,0.10205200501253057,116.9,0.390625,10.15,,,,shift
lawnmower__s1__T0.5__tau0.75__sig1.5,lawnmower,1,0.5,0.75,1.5,20,0.33448124864549766,0.3163364187406198,0.08732769423558832,117.4,0.390625,10.4,,,,shift
lawnmower__s2__T0.5__tau0.75__sig1.5,lawnmower,2,0.5,0.75,1.5,20,0.3744762264591559,0.351655802499998,0.1004072681704253,115.45,0.390625,9.1,,,,shift
lawnmower__s3__T0.5__tau0.75__sig1.5,lawnmower,3,0.5,0.75,1.5,20,0.35389199283169126,0.3327573510105367,0.09461152882205444,118.65,0.390625,6.7,,,,shift
lawnmower__s4__T0.5__tau0.75__sig1.5,lawnmower,4,0.5,0.75,1.5,20,0.3294467641833395,0.3181651154276055,0.08764097744360835,116.45,0.390625,9.75,,,,shift
lawnmower__s0__T1__tau0.75__sig1.5,lawnmower,0,1.0,0.75,1.5,20,0.34842191540680756,0.3763702046710467,0.09829260651628999,101.2,0.390625,10.25,,,,shift
lawnmower__s1__T1__tau0.75__sig1.5,lawnmower,1,1.0,0.75,1.5,20,0.3218450742345139,0.3370659920529158,0.08411654135338283,102.55,0.390625,10.4,,,,shift
lawnmower__s2__T1__tau0.75__sig1.5,lawnmower,2,1.0,0.75,1.5,20,0.3612953964497002,0.3727608834954407,0.09696115288220479,101.45,0.390625,9.3,,,,shift
lawnmower__s3__T1__tau0.75__sig1.5,lawnmower,3,1.0,0.75,1.5,20,0.34276117403324263,0.3559090425339537,0.09163533834586399,103.4,0.390625,6.7,,,,shift
lawnmower__s4__T1__tau0.75__sig1.5,lawnmower,4,1.0,0.75,1.5,20,0.31703638665964246,0.3389861128374218,0.08427318295739285,101.5,0.390625,9.85,,,,shift
lawnmower__s0__T2__tau0.75__sig1.5,lawnmower,0,2.0,0.75,1.5,20,0.3264803206292811,0.41092394082248784,0.09218358395989905,81.55,0.390625,10.3,,,,shift
lawnmower__s1__T2__tau0.75__sig1.5,lawnmower,1,2.0,0.75,1.5,20,0.2987834155040243,0.36915341092051546,0.0780858395989969,82.3,0.390625,10.4,,,,shift
lawnmower__s2__T2__tau0.75__sig1.5,lawnmower,2,2.0,0.75,1.5,20,0.3331331828162328,0.4007018969167021,0.08912907268170359,82.95,0.390625,9.4,,,,shift
lawnmower__s3__T2__tau0.75__sig1.5,lawnmower,3,2.0,0.75,1.5,20,0.31759501661832845,0.387204272453921,0.08474310776942293,83.2,0.390625,7.45,,,,shift
lawnmower__s4__T2__tau0.75__sig1.5,lawnmower,4,2.0,0.75,1.5,20,0.295196332833149,0.37110744355218567,0.07839912280701697,82.2,0.390625,10.05,,,,shift
lawnmower__s0__T3__tau0.75__sig1.5,lawnmower,0,3.0,0.75,1.5,20,0.30226605391447914,0.4532804190963165,0.08529135338345802,63.35,0.390625,10.4,,,,shift
lawnmower__s1__T3__tau0.75__sig1.5,lawnmower,1,3.0,0.75,1.5,20,0.28006159300602373,0.4153811891121257,0.07322994987468617,63.1,0.390625,10.8,,,,shift
lawnmower__s2__T3__tau0.75__sig1.5,lawnmower,2,3.0,0.75,1.5,20,0.3039710298050181,0.44187622852387054,0.0812969924812024,63.55,0.390625,16.0,,,,shift
lawnmower__s3__T3__tau0.75__sig1.5,lawnmower,3,3.0,0.75,1.5,20,0.29220881627439466,0.43262103520827394,0.0780075187969919,63.25,0.390625,8.2,,,,shift
lawnmower__s4__T3__tau0.75__sig1.5,lawnmower,4,3.0,0.75,1.5,20,0.26996043172529405,0.41173200671644683,0.072055137844611,62.9,0.390625,10.25,,,,shift
lawnmower__s0__T4__tau0.75__sig1.5,lawnmower,0,4.0,0.75,1.5,20,0.2777892585508421,0.5203260465063776,0.07832080200501193,44.3,0.390625,11.35,,,,shift
lawnmower__s1__T4__tau0.75__sig1.5,lawnmower,1,4.0,0.75,1.5,20,0.2594625594263249,0.49356704149639147,0.06774749373433533,42.1,0.390625,11.35,,,,shift
lawnmower__s2__T4__tau0.75__sig1.5,lawnmower,2,4.0,0.75,1.5,20,0.2787339617347496,0.5087598225916541,0.07495300751879644,44.4,0.390625,16.7,,,,shift
lawnmower__s3__T4__tau0.75__sig1.5,lawnmower,3,4.0,0.75,1.5,20,0.2688190874851745,0.49908247600132355,0.07166353383458593,44.2,0.390625,8.8,,,,shift
lawnmower__s4__T4__tau0.75__sig1.5,lawnmower,4,4.0,0.75,1.5,20,0.24463249982624805,0.47155584876975043,0.06508458646616491,44.2,0.390625,10.85,,,,shift
lawnmower__s0__T0.3__tau0.85__sig1.5,lawnmower,0,0.3,0.85,1.5,20,0.3621305272187657,0.35227280250183124,0.10220864661654061,116.9,0.390625,10.15,,,,shift
lawnmower__s1__T0.3__tau0.85__sig1.5,lawnmower,1,0.3,0.85,1.5,20,0.33448124864549766,0.3163364187406198,0.08732769423558832,117.4,0.390625,10.4,,,,shift
lawnmower__s2__T0.3__tau0.85__sig1.5,lawnmower,2,0.3,0.85,1.5,20,0.375638120396841,0.3523258811949602,0.10072055137844538,115.45,0.390625,9.1,,,,shift
lawnmower__s3__T0.3__tau0.85__sig1.5,lawnmower,3,0.3,0.85,1.5,20,0.35418785081985693,0.3329605161089114,0.09468984962405945,118.65,0.390625,6.7,,,,shift
lawnmower__s4__T0.3__tau0.85__sig1.5,lawnmower,4,0.3,0.85,1.5,20,0.3299536766257359,0.3185034621196196,0.08779761904761837,116.45,0.390625,9.75,,,,shift
lawnmower__s0__T0.5__tau0.85__sig1.5,lawnmower,0,0.5,0.85,1.5,20,0.35564995792910437,0.3616644436406329,0.10032894736842031,110.05,0.390625,10.15,,,,shift
lawnmower__s1__T0.5__tau0.85__sig1.5,lawnmower,1,0.5,0.85,1.5,20,0.33032994131641247,0.3272548512135728,0.08630952380952317,110.3,0.390625,10.4,,,,shift
lawnmower__s2__T0.5__tau0.85__sig1.5,lawnmower,2,0.5,0.85,1.5,20,0.37010841959015855,0.36252432648352945,0.09923245614035014,108.8,0.390625,9.3,,,,shift
lawnmower__s3__T0.5__tau0.85__sig1.5,lawnmower,3,0.5,0.85,1.5,20,0.3493487784390265,0.3441817433085182,0.09335839598997425,111.25,0.390625,6.7,,,,shift
lawnmower__s4__T0.5__tau0.85__sig1.5,lawnmower,4,0.5,0.85,1.5,20,0.32273706343192254,0.3250736178416004,0.08583959899749309,110.4,0.390625,9.85,,,,shift
lawnmower__s0__T1__tau0.85__sig1.5,lawnmower,0,1.0,0.85,1.5,20,0.3378412282579819,0.3948639757442913,0.09539473684210455,90.5,0.390625,10.25,,,,shift
lawnmower__s1__T1__tau0.85__sig1.5,lawnmower,1,1.0,0.85,1.5,20,0.31049852873103134,0.35575819966067934,0.08114035087719237,90.8,0.390625,10.4,,,,shift
lawnmower__s2__T1__tau0.85__sig1.5,lawnmower,2,1.0,0.85,1.5,20,0.34840109747632836,0.38815318855184383,0.09343671679197926,91.6,0.390625,9.35,,,,shift
lawnmower__s3__T1__tau0.85__sig1.5,lawnmower,3,1.0,0.85,1.5,20,0.33080372056022433,0.3727132066600102,0.08842418546365849,92.6,0.390625,7.15,,,,shift
lawnmower__s4__T1__tau0.85__sig1.5,lawnmower,4,1.0,0.85,1.5,20,0.3081443041291197,0.3575885056310669,0.08184523809523749,90.9,0.390625,10.05,,,,shift
lawnmower__s0__T2__tau0.85__sig1.5,lawnmower,0,2.0,0.85,1.5,20,0.2997273414207773,0.45626767928042256,0.08458646616541292,62.1,0.390625,10.4,,,,shift
lawnmower__s1__T2__tau0.85__sig1.5,lawnmower,1,2.0,0.85,1.5,20,0.2778099452577246,0.418241822802493,0.0726817042606511,61.75,0.390625,10.8,,,,shift
lawnmower__s2__T2__tau0.85__sig1.5,lawnmower,2,2.0,0.85,1.5,20,0.30113548498767484,0.44292590212702143,0.08067042606516231,62.7,0.390625,16.0,,,,shift
lawnmower__s3__T2__tau0.85__sig1.5,lawnmower,3,2.0,0.85,1.5,20,0.2906794224505943,0.43591483196647085,0.07761591478696685,62.05,0.390625,8.2,,,,shift
lawnmower__s4__T2__tau0.85__sig1.5,lawnmower,4,2.0,0.85,1.5,20,0.26829248464676886,0.41221469110985404,0.07158521303258092,62.35,0.390625,10.25,,,,shift
lawnmower__s0__T3__tau0.85__sig1.5,lawnmower,0,3.0,0.85,1.5,20,0.2504550116053043,0.5766396412374636,0.07041040100250574,31.8,0.390625,13.8,,,,shift
lawnmower__s1__T3__tau0.85__sig1.5,lawnmower,1,3.0,0.85,1.5,20,0.23096639514816136,0.5494409970945667,0.06046365914786922,29.55,0.390625,13.2,,,,shift
lawnmower__s2__T3__tau0.85__sig1.5,lawnmower,2,3.0,0.85,1.5,20,0.25050460605603664,0.565568258205988,0.06704260651629022,31.7,0.390625,17.4,,,,shift
lawnmower__s3__T3__tau0.85__sig1.5,lawnmower,3,3.0,0.85,1.5,20,0.23899914221603838,0.5510999767554954,0.06383145363408474,31.45,0.390625,9.6,,,,shift
lawnmower__s4__T3__tau0.85__sig1.5,lawnmower,4,3.0,0.85,1.5,20,0.22343194192420826,0.5249356239240387,0.05944548872180407,32.3,0.390625,12.0,,,,shift
lawnmower__s0__T4__tau0.85__sig1.5,lawnmower,0,4.0,0.85,1.5,20,0.1913552250182487,0.6504804289365173,0.0537280701754382,17.65,0.390625,16.2,,,,shift
lawnmower__s1__T4__tau0.85__sig1.5,lawnmower,1,4.0,0.85,1.5,20,0.18191109309676137,0.6375849823630807,0.048088972431077334,15.75,0.390625,16.4,,,,shift
lawnmower__s2__T4__tau0.85__sig1.5,lawnmower,2,4.0,0.85,1.5,20,0.19398649432158196,0.6451491913627333,0.05216165413533795,17.35,0.390625,19.35,,,,shift
lawnmower__s3__T4__tau0.85__sig1.5,lawnmower,3,4.0,0.85,1.5,20,0.19278395361294168,0.6507283947333539,0.051535087719297865,16.55,0.390625,11.0,,,,shift
lawnmower__s4__T4__tau0.85__sig1.5,lawnmower,4,4.0,0.85,1.5,20,0.1778551250107653,0.6223210428674996,0.04730576441102722,16.8,0.390625,16.9,,,,shift
lawnmower__s0__T0.3__tau0.9__sig1.5,lawnmower,0,0.3,0.9,1.5,20,0.36090683515160726,0.3577734295756583,0.10181704260651554,113.65,0.390625,10.15,,,,shift
lawnmower__s1__T0.3__tau0.9__sig1.5,lawnmower,1,0.3,0.9,1.5,20,0.33415445125987675,0.3228464327056728,0.08724937343358333,113.8,0.390625,10.4,,,,shift
lawnmower__s2__T0.3__tau0.9__sig1.5,lawnmower,2,0.3,0.9,1.5,20,0.37365280251882743,0.35747195832000134,0.1001723057644103,112.3,0.390625,9.1,,,,shift
lawnmower__s3__T0.3__tau0.9__sig1.5,lawnmower,3,0.3,0.9,1.5,20,0.3531267724121567,0.33947628183926776,0.09437656641603939,114.8,0.390625,6.7,,,,shift
lawnmower__s4__T0.3__tau0.9__sig1.5,lawnmower,4,0.3,0.9,1.5,20,0.3284455106782161,0.32298681305280585,0.08732769423558831,113.45,0.390625,9.75,,,,shift
lawnmower__s0__T0.5__tau0.9__sig1.5,lawnmower,0,0.5,0.9,1.5,20,0.34842191540680756,0.3763702046710467,0.09829260651628999,101.2,0.390625,10.25,,,,shift
lawnmower__s1__T0.5__tau0.9__sig1.5,lawnmower,1,0.5,0.9,1.5,20,0.3218450742345139,0.3370659920529158,0.08411654135338283,102.55,0.390625,10.4,,,,shift
lawnmower__s2__T0.5__tau0.9__sig1.5,lawnmower,2,0.5,0.9,1.5,20,0.3612953964497002,0.3727608834954407,0.09696115288220479,101.45,0.390625,9.3,,,,shift
lawnmower__s3__T0.5__tau0.9__sig1.5,lawnmower,3,0.5,0.9,1.5,20,0.34276117403324263,0.3559090425339537,0.09163533834586399,103.4,0.390625,6.7,,,,shift
lawnmower__s4__T0.5__tau0.9__sig1.5,lawnmower,4,0.5,0.9,1.5,20,0.31703638665964246,0.3389861128374218,0.08427318295739285,101.5,0.390625,9.85,,,,shift
lawnmower__s0__T1__tau0.9__sig1.5,lawnmower,0,1.0,0.9,1.5,20,0.3264803206292811,0.41092394082248784,0.09218358395989905,81.55,0.390625,10.3,,,,shift
lawnmower__s1__T1__tau0.9__sig1.5,lawnmower,1,1.0,0.9,1.5,20,0.2987834155040243,0.36915341092051546,0.0780858395989969,82.3,0.390625,10.4,,,,shift
lawnmower__s2__T1__tau0.9__sig1.5,lawnmower,2,1.0,0.9,1.5,20,0.3331331828162328,0.4007018969167021,0.08912907268170359,82.95,0.390625,9.4,,,,shift
lawnmower__s3__T1__tau0.9__sig1.5,lawnmower,3,1.0,0.9,1.5,20,0.31759501661832845,0.387204272453921,0.08474310776942293,83.2,0.390625,7.45,,,,shift
lawnmower__s4__T1__tau0.9__sig1.5,lawnmower,4,1.0,0.9,1.5,20,0.295196332833149,0.37110744355218567,0.07839912280701697,82.2,0.390625,10.05,,,,shift
lawnmower__s0__T2__tau0.9__sig1.5,lawnmower,0,2.0,0.9,1.5,20,0.2777892585508421,0.5203260465063776,0.07832080200501193,44.3,0.390625,11.35,,,,shift
lawnmower__s1__T2__tau0.9__sig1.5,lawnmower,1,2.0,0.9,1.5,20,0.2594625594263249,0.49356704149639147,0.06774749373433533,42.1,0.390625,11.35,,,,shift
lawnmower__s2__T2__tau0.9__sig1.5,lawnmower,2,2.0,0.9,1.5,20,0.2787339617347496,0.5087598225916541,0.07495300751879644,44.4,0.390625,16.7,,,,shift
lawnmower__s3__T2__tau0.9__sig1.5,lawnmower,3,2.0,0.9,1.5,20,0.2688190874851745,0.49908247600132355,0.07166353383458593,44.2,0.390625,8.8,,,,shift
lawnmower__s4__T2__tau0.9__sig1.5,lawnmower,4,2.0,0.9,1.5,20,0.24463249982624805,0.47155584876975043,0.06508458646616491,44.2,0.390625,10.85,,,,shift
lawnmower__s0__T3__tau0.9__sig1.5,lawnmower,0,3.0,0.9,1.5,20,0.20489771162153256,0.6570134834577359,0.057487468671678775,18.35,0.390625,15.85,,,,shift
lawnmower__s1__T3__tau0.9__sig1.5,lawnmower,1,3.0,0.9,1.5,20,0.19025677277713957,0.6391349038303626,0.05012531328320764,16.45,0.390625,15.75,,,,shift
lawnmower__s2__T3__tau0.9__sig1.5,lawnmower,2,3.0,0.9,1.5,20,0.20876640896298282,0.657856932461331,0.05592105263157854,17.65,0.390625,18.45,,,,shift
lawnmower__s3__T3__tau0.9__sig1.5,lawnmower,3,3.0,0.9,1.5,20,0.2036803383374437,0.6450220094354946,0.05443295739348329,17.85,0.390625,9.8,,,,shift
lawnmower__s4__T3__tau0.9__sig1.5,lawnmower,4,3.0,0.9,1.5,20,0.18592003951242064,0.6223862669236335,0.04942042606516253,17.75,0.390625,16.6,,,,shift
lawnmower__s0__T4__tau0.9__sig1.5,lawnmower,0,4.0,0.9,1.5,20,0.1377744643285174,0.7527983051529168,0.03884711779448592,7.8,0.390625,21.35,,,,shift
lawnmower__s1__T4__tau0.9__sig1.5,lawnmower,1,4.0,0.9,1.5,20,0.1281918943700816,0.7251530720736824,0.03399122807017519,7.3,0.390625,25.15,,,,shift
lawnmower__s2__T4__tau0.9__sig1.5,lawnmower,2,4.0,0.9,1.5,20,0.13475954721407565,0.734719553909865,0.03610588972431051,7.9,0.390625,22.45,,,,shift
lawnmower__s3__T4__tau0.9__sig1.5,lawnmower,3,4.0,0.9,1.5,20,0.14073476452176875,0.7674961997067471,0.03743734335839571,6.8,0.390625,20.35,,,,shift
lawnmower__s4__T4__tau0.9__sig1.5,lawnmower,4,4.0,0.9,1.5,20,0.13076949674470636,0.7333917109769813,0.03500939849624034,7.2,0.390625,25.9,,,,shift
random__s0__T0.3__tau0.55__sig1.5,random,0,0.3,0.55,1.5,20,0.15077196656528177,0.25681093692432067,0.04177512174502751,74.7,0.161083984375,10.45,,,,shift
random__s1__T0.3__tau0.55__sig1.5,random,1,0.3,0.55,1.5,20,0.1549407490491627,0.24479673318796946,0.03934861262395601,77.45,0.168359375,34.15,,,,shift
random__s2__T0.3__tau0.55__sig1.5,random,2,0.3,0.55,1.5,20,0.1749127856468276,0.2681388807428439,0.045522263355896916,76.75,0.16845703125,14.25,,,,shift
random__s3__T0.3__tau0.55__sig1.5,random,3,0.3,0.55,1.5,20,0.13602746068957866,0.22369644309876224,0.03629096252215085,77.35,0.162451171875,25.6,,,,shift
random__s4__T0.3__tau0.55__sig1.5,random,4,0.3,0.55,1.5,20,0.18025292597151094,0.2938083258745661,0.048124714154838044,70.7,0.1625,27.35,,,,shift
random__s0__T0.5__tau0.55__sig1.5,random,0,0.5,0.55,1.5,20,0.15085537713062006,0.26378625039780335,0.04177524840627171,72.05,0.161083984375,10.45,,,,shift
random__s1__T0.5__tau0.55__sig1.5,random,1,0.5,0.55,1.5,20,0.15467047877889242,0.2486540397044978,0.039270353629755964,75.65,0.168359375,34.15,,,,shift
random__s2__T0.5__tau0.55__sig1.5,random,2,0.5,0.55,1.5,20,0.1749712840154118,0.27549735089097777,0.045600471770300556,74.2,0.16845703125,14.25,,,,shift
random__s3__T0.5__tau0.55__sig1.5,random,3,0.5,0.55,1.5,20,0.13573676301516005,0.2289429288044714,0.03621280660655715,75.15,0.162451171875,25.65,,,,shift
random__s4__T0.5__tau0.55__sig1.5,random,4,0.5,0.55,1.5,20,0.180521743175812,0.3000327097236214,0.04820288857966853,68.25,0.1625,27.35,,,,shift
random__s0__T1__tau0.55__sig1.5,random,0,1.0,0.55,1.5,20,0.15085537713062006,0.2579213627735052,0.04177524840627171,74.3,0.161083984375,10.45,,,,shift
random__s1__T1__tau0.55__sig1.5,random,1,1.0,0.55,1.5,20,0.15423569617019678,0.24418501072027174,0.039192069408395466,77.6,0.168359375,34.15,,,,shift
random__s2__T1__tau0.55__sig1.5,random,2,1.0,0.55,1.5,20,0.17396167718388716,0.268969976755257,0.0452876205880889,76.1,0.16845703125,14.25,,,,shift
random__s3__T1__tau0.55__sig1.5,random,3,1.0,0.55,1.5,20,0.13513226305168574,0.22307910932218608,0.036056241156249454,77.3,0.162451171875,27.0,,,,shift
random__s4__T1__tau0.55__sig1.5,random,4,1.0,0.55,1.5,20,0.180521743175812,0.2950809287493629,0.04820288857966853,70.3,0.1625,27.35,,,,shift
random__s0__T2__tau0.55__sig1.5,random,0,2.0,0.55,1.5,20,0.15050251432603753,0.2453347169875794,0.0416186606709923,79.2,0.161083984375,11.05,,,,shift
random__s1__T2__tau0.55__sig1.5,random,1,2.0,0.55,1.5,20,0.15369296959176398,0.2300163297450216,0.039035738212385304,83.95,0.168359375,34.15,,,,shift
random__s2__T2__tau0.55__sig1.5,random,2,2.0,0.55,1.5,20,0.17267052887450607,0.25239552059892156,0.04497490006162931,82.65,0.16845703125,14.25,,,,shift
random__s3__T2__tau0.55__sig1.5,random,3,2.0,0.55,1.5,20,0.13494204386636852,0.2103883757380239,0.03597804522370827,83.1,0.162451171875,27.0,,,,shift
random__s4__T2__tau0.55__sig1.5,random,4,2.0,0.55,1.5,20,0.18013966071926144,0.2814283457962853,0.04812470072368634,75.65,0.1625,27.35,,,,shift
random__s0__T3__tau0.55__sig1.5,random,0,3.0,0.55,1.5,20,0.15020130950676042,0.23460278104778037,0.04154041067952058,83.7,0.161083984375,11.05,,,,shift
random__s1__T3__tau0.55__sig1.5,random,1,3.0,0.55,1.5,20,0.1534022719173454,0.21714661398820873,0.03895747416980768,90.15,0.168359375,34.15,,,,shift
random__s2__T3__tau0.55__sig1.5,random,2,3.0,0.55,1.5,20,0.17254913108759568,0.23974322204828846,0.04489662116571741,88.5,0.16845703125,14.25,,,,shift
random__s3__T3__tau0.55__sig1.5,random,3,3.0,0.55,1.5,20,0.13494204386636852,0.20246833144870746,0.03597804522370827,87.6,0.162451171875,27.0,,,,shift
random__s4__T3__tau0.55__sig1.5,random,4,3.0,0.55,1.5,20,0.18045611641546397,0.2716783118766187,0.048202978100921244,80.3,0.1625,27.35,,,,shift
random__s0__T4__tau0.55__sig1.5,random,0,4.0,0.55,1.5,20,0.14932060419057125,0.22577455730725277,0.0413056649938115,87.55,0.161083984375,11.05,,,,shift
random__s1__T4__tau0.55__sig1.5,random,1,4.0,0.55,1.5,20,0.15316971377781052,0.20979956888934342,0.038879250824456944,94.2,0.168359375,34.15,,,,shift
random__s2__T4__tau0.55__sig1.5,random,2,4.0,0.55,1.5,20,0.1721979914864561,0.23407509980681365,0.044818374976335486,91.3,0.16845703125,14.25,,,,shift
random__s3__T4__tau0.55__sig1.5,random,3,4.0,0.55,1.5,20,0.13419285730438296,0.19509211426068174,0.035743679443171694,91.75,0.162451171875,27.0,,,,shift
random__s4__T4__tau0.55__sig1.5,random,4,4.0,0.55,1.5,20,0.18002175700399375,0.26381302189858463,0.04812465905352682,83.4,0.1625,29.05,,,,shift
random__s0__T0.3__tau0.6__sig1.5,random,0,0.3,0.6,1.5,20,0.15047076174600466,0.257943299757868,0.04169697391488686,74.05,0.161083984375,10.45,,,,shift
random__s1__T0.3__tau0.6__sig1.5,random,1,0.3,0.6,1.5,20,0.15467047877889242,0.24651108288909312,0.039270353629755964,76.5,0.168359375,34.15,,,,shift
random__s2__T0.3__tau0.6__sig1.5,random,2,0.3,0.6,1.5,20,0.17443201641605835,0.27000123917518615,0.0454440266897545,75.8,0.16845703125,14.25,,,,shift
random__s3__T0.3__tau0.6__sig1.5,random,3,0.3,0.6,1.5,20,0.1354281210398514,0.22532936483024552,0.03613457588075488,76.3,0.162451171875,27.0,,,,shift
random__s4__T0.3__tau0.6__sig1.5,random,4,0.3,0.6,1.5,20,0.18025292597151094,0.29604155739983745,0.048124714154838044,69.95,0.1625,27.35,,,,shift
random__s0__T0.5__tau0.6__sig1.5,random,0,0.5,0.6,1.5,20,0.15016955692672757,0.26556186723725383,0.04161872392341514,71.05,0.161083984375,10.45,,,,shift
random__s1__T0.5__tau0.6__sig1.5,random,1,0.5,0.6,1.5,20,0.15423569617019678,0.25077852004770423,0.039192069408395466,74.65,0.168359375,34.15,,,,shift
random__s2__T0.5__tau0.6__sig1.5,random,2,0.5,0.6,1.5,20,0.17332054616300932,0.27537126035644877,0.04513123105620416,73.3,0.16845703125,14.25,,,,shift
random__s3__T0.5__tau0.6__sig1.5,random,3,0.5,0.6,1.5,20,0.13513226305168574,0.23022448384370367,0.036056241156249454,74.25,0.162451171875,27.0,,,,shift
random__s4__T0.5__tau0.6__sig1.5,random,4,0.5,0.6,1.5,20,0.180521743175812,0.3019566900459249,0.04820288857966853,67.55,0.1625,27.35,,,,shift
random__s0__T1__tau0.6__sig1.5,random,0,1.0,0.6,1.5,20,0.14989062621414942,0.26171117640895203,0.04146218136666367,72.05,0.161083984375,11.05,,,,shift
random__s1__T1__tau0.6__sig1.5,random,1,1.0,0.6,1.5,20,0.1534022719173454,0.24896177071631542,0.03895747416980768,75.15,0.168359375,34.15,,,,shift
random__s2__T1__tau0.6__sig1.5,random,2,1.0,0.6,1.5,20,0.17244221837222296,0.2720052737083549,0.04489663223764942,74.15,0.16845703125,14.25,,,,shift
random__s3__T1__tau0.6__sig1.5,random,3,1.0,0.6,1.5,20,0.13463340189105985,0.22688168064238004,0.035899814497905996,75.05,0.162451171875,27.0,,,,shift
random__s4__T1__tau0.6__sig1.5,random,4,1.0,0.6,1.5,20,0.17978251786211857,0.3013921184986052,0.04804635047198573,67.8,0.1625,27.35,,,,shift
random__s0__T2__tau0.6__sig1.5,random,0,2.0,0.6,1.5,20,0.1490933314632985,0.2498285793608935,0.041227460180867724,76.4,0.161083984375,11.05,,,,shift
random__s1__T2__tau0.6__sig1.5,random,1,2.0,0.6,1.5,20,0.15291718852528527,0.23558301194375972,0.03880109131243873,80.7,0.168359375,34.15,,,,shift
random__s2__T2__tau0.6__sig1.5,random,2,2.0,0.6,1.5,20,0.17127206556053015,0.25791597215014994,0.04466208541760724,79.65,0.16845703125,14.25,,,,shift
random__s3__T2__tau0.6__sig1.5,random,3,2.0,0.6,1.5,20,0.13376182282162435,0.21701106728297148,0.0356653559059065,78.9,0.162451171875,27.0,,,,shift
random__s4__T2__tau0.6__sig1.5,random,4,2.0,0.6,1.5,20,0.17941628396675074,0.28899703644823016,0.047968113852312026,72.6,0.1625,29.05,,,,shift
random__s0__T3__tau0.6__sig1.5,random,0,3.0,0.6,1.5,20,0.14780592359722683,0.243764472037661,0.04091432462210236,78.4,0.161083984375,12.3,,,,shift
random__s1__T3__tau0.6__sig1.5,random,1,3.0,0.6,1.5,20,0.1506946569454069,0.22468206919170486,0.03817545784880128,84.4,0.168359375,34.15,,,,shift
random__s2__T3__tau0.6__sig1.5,random,2,3.0,0.6,1.5,20,0.16770756676433213,0.24460744623433195,0.04364534038712374,83.6,0.16845703125,14.25,,,,shift
random__s3__T3__tau0.6__sig1.5,random,3,3.0,0.6,1.5,20,0.13279619270705806,0.20833190473139038,0.035430727477822846,82.8,0.162451171875,27.0,,,,shift
random__s4__T3__tau0.6__sig1.5,random,4,3.0,0.6,1.5,20,0.17846937755931805,0.2809264602840977,0.04765533109267829,75.4,0.1625,29.1,,,,shift
random__s0__T4__tau0.6__sig1.5,random,0,4.0,0.6,1.5,20,0.14697406469184035,0.23669532760401685,0.04067983781823404,81.3,0.161083984375,12.3,,,,shift
random__s1__T4__tau0.6__sig1.5,random,1,4.0,0.6,1.5,20,0.14873921679413288,0.2172257381659942,0.0376278922828593,87.2,0.168359375,34.15,,,,shift
random__s2__T4__tau0.6__sig1.5,random,2,4.0,0.6,1.5,20,0.16724460380136916,0.2386683839048694,0.04356719560775961,86.35,0.16845703125,14.8,,,,shift
random__s3__T4__tau0.6__sig1.5,random,3,4.0,0.6,1.5,20,0.13007810427086747,0.1993084247043266,0.03472676672203155,86.15,0.162451171875,27.0,,,,shift
random__s4__T4__tau0.6__sig1.5,random,4,4.0,0.6,1.5,20,0.17790788023311482,0.2729557833754882,0.04749885378705686,78.65,0.1625,29.1,,,,shift
random__s0__T0.3__tau0.65__sig1.5,random,0,0.3,0.65,1.5,20,0.15047076174600466,0.2598727344050241,0.04169697391488686,73.25,0.161083984375,10.45,,,,shift
random__s1__T0.3__tau0.65__sig1.5,random,1,0.3,0.65,1.5,20,0.15467047877889242,0.2481781150626813,0.039270353629755964,75.8,0.168359375,34.15,,,,shift
random__s2__T0.3__tau0.65__sig1.5,random,2,0.3,0.65,1.5,20,0.17374708490920904,0.27042874171052717,0.04520941289443072,75.2,0.16845703125,14.25,,,,shift
random__s3__T0.3__tau0.65__sig1.5,random,3,0.3,0.65,1.5,20,0.1354281210398514,0.2270595688303362,0.03613457588075488,75.55,0.162451171875,27.0,,,,shift
random__s4__T0.3__tau0.65__sig1.5,random,4,0.3,0.65,1.5,20,0.18025292597151094,0.2975999990898406,0.048124714154838044,69.3,0.1625,27.35,,,,shift
random__s0__T0.5__tau0.65__sig1.5,random,0,0.5,0.65,1.5,20,0.14950601082953402,0.267815718220479,0.04138390687527881,69.7,0.161083984375,11.05,,,,shift
random__s1__T0.5__tau0.65__sig1.5,random,1,0.5,0.65,1.5,20,0.1534022719173454,0.2534977412743681,0.03895747416980768,73.2,0.168359375,34.15,,,,shift
random__s2__T0.5__tau0.65__sig1.5,random,2,0.5,0.65,1.5,20,0.17224450373467565,0.2769836570977537,0.04481842670159804,72.1,0.16845703125,14.25,,,,shift
random__s3__T0.5__tau0.65__sig1.5,random,3,0.5,0.65,1.5,20,0.13486488337254135,0.2329577342000894,0.03597795999632359,72.75,0.162451171875,27.0,,,,shift
random__s4__T0.5__tau0.65__sig1.5,random,4,0.5,0.65,1.5,20,0.1801371277911966,0.30703491590918536,0.04812455078953732,65.85,0.1625,27.35,,,,shift
random__s0__T1__tau0.65__sig1.5,random,0,1.0,0.65,1.5,20,0.1495894213948723,0.26774861791273785,0.04138393137519195,69.55,0.161083984375,11.05,,,,shift
random__s1__T1__tau0.65__sig1.5,random,1,1.0,0.65,1.5,20,0.1531115742429268,0.25376934193121886,0.03887921012723006,73.1,0.168359375,34.15,,,,shift
random__s2__T1__tau0.65__sig1.5,random,2,1.0,0.65,1.5,20,0.17185785762234962,0.27470542620229843,0.044740208562373394,72.85,0.16845703125,14.25,,,,shift
random__s3__T1__tau0.65__sig1.5,random,3,1.0,0.65,1.5,20,0.13432090189105989,0.2312895810062833,0.03582163791423834,72.7,0.162451171875,27.0,,,,shift
random__s4__T1__tau0.65__sig1.5,random,4,1.0,0.65,1.5,20,0.17978251786211857,0.3091820418701397,0.04804635047198573,65.45,0.1625,27.35,,,,shift
random__s0__T2__tau0.65__sig1.5,random,0,2.0,0.65,1.5,20,0.14757865086995414,0.26002082412301386,0.04083611980915858,71.7,0.161083984375,12.3,,,,shift
random__s1__T2__tau0.65__sig1.5,random,1,2.0,0.65,1.5,20,0.1506946569454069,0.2458485777401549,0.03817545784880128,74.95,0.168359375,34.15,,,,shift
random__s2__T2__tau0.65__sig1.5,random,2,2.0,0.65,1.5,20,0.16724460380136916,0.26292416250424366,0.04356719560775961,75.5,0.16845703125,14.25,,,,shift
random__s3__T2__tau0.65__sig1.5,random,3,2.0,0.65,1.5,20,0.13248755073174942,0.22398931976333786,0.03535249675202058,74.65,0.162451171875,27.0,,,,shift
random__s4__T2__tau0.65__sig1.5,random,4,2.0,0.65,1.5,20,0.1781122347021752,0.29892781242084826,0.04757698084097768,68.5,0.1625,29.1,,,,shift
random__s0__T3__tau0.65__sig1.5,random,0,3.0,0.65,1.5,20,0.14637700188439756,0.2519556139587432,0.040523443047398196,74.3,0.161083984375,12.3,,,,shift
random__s1__T3__tau0.65__sig1.5,random,1,3.0,0.65,1.5,20,0.14750414805399314,0.23191570901903874,0.037315303437030115,79.25,0.168359375,34.15,,,,shift
random__s2__T3__tau0.65__sig1.5,random,2,3.0,0.65,1.5,20,0.166127391375342,0.2527058134503991,0.04325426879371976,79.7,0.16845703125,14.8,,,,shift
random__s3__T3__tau0.65__sig1.5,random,3,3.0,0.65,1.5,20,0.12832076558801375,0.21059588909171464,0.03425733963652178,78.65,0.162451171875,27.1,,,,shift
random__s4__T3__tau0.65__sig1.5,random,4,3.0,0.65,1.5,20,0.1760891552496486,0.2881229771843883,0.04702934362567111,71.45,0.1625,29.1,,,,shift
random__s0__T4__tau0.65__sig1.5,random,0,4.0,0.65,1.5,20,0.14323799290259978,0.24384111836925185,0.039662950454460874,76.1,0.161083984375,12.65,,,,shift
random__s1__T4__tau0.65__sig1.5,random,1,4.0,0.65,1.5,20,0.14538896688158548,0.2236052617143935,0.036767796243379364,81.95,0.168359375,34.15,,,,shift
random__s2__T4__tau0.65__sig1.5,random,2,4.0,0.65,1.5,20,0.16353718178553195,0.24491553807964062,0.042472188009114314,81.55,0.16845703125,14.8,,,,shift
random__s3__T4__tau0.65__sig1.5,random,3,4.0,0.65,1.5,20,0.1263225031474605,0.20526550172800065,0.03370965618956824,80.45,0.162451171875,31.3,,,,shift
random__s4__T4__tau0.65__sig1.5,random,4,4.0,0.65,1.5,20,0.17407859986794322,0.28303654215425345,0.04648175187616055,72.95,0.1625,29.25,,,,shift
random__s0__T0.3__tau0.7__sig1.5,random,0,0.3,0.7,1.5,20,0.14999411833023638,0.26183001146462676,0.041540403275404494,72.25,0.161083984375,10.8,,,,shift
random__s1__T0.3__tau0.7__sig1.5,random,1,0.3,0.7,1.5,20,0.1540031380306619,0.24905329667918,0.03911384606304473,75.15,0.168359375,34.15,,,,shift
random__s2__T0.3__tau0.7__sig1.5,random,2,0.3,0.7,1.5,20,0.17309982893937245,0.2716088169096932,0.04505298849840924,74.45,0.16845703125,14.25,,,,shift
random__s3__T0.3__tau0.7__sig1.5,random,3,0.3,0.7,1.5,20,0.13486488337254135,0.22719534943054137,0.03597795999632359,75.0,0.162451171875,27.0,,,,shift
random__s4__T0.3__tau0.7__sig1.5,random,4,0.3,0.7,1.5,20,0.18025292597151094,0.3003418627720394,0.048124714154838044,68.4,0.1625,27.35,,,,shift
random__s0__T0.5__tau0.7__sig1.5,random,0,0.5,0.7,1.5,20,0.14950601082953402,0.27096488902810434,0.04138390687527881,68.55,0.161083984375,11.05,,,,shift
random__s1__T0.5__tau0.7__sig1.5,random,1,0.5,0.7,1.5,20,0.1534022719173454,0.2566641711509655,0.03895747416980768,71.95,0.168359375,34.15,,,,shift
random__s2__T0.5__tau0.7__sig1.5,random,2,0.5,0.7,1.5,20,0.17158649507666696,0.27936827887048726,0.04466203501210651,70.85,0.16845703125,14.25,,,,shift
random__s3__T0.5__tau0.7__sig1.5,random,3,0.5,0.7,1.5,20,0.13463340189105985,0.23591761229226207,0.035899814497905996,71.45,0.162451171875,27.0,,,,shift
random__s4__T0.5__tau0.7__sig1.5,random,4,0.5,0.7,1.5,20,0.17951370065781752,0.3103598499774333,0.047968176047155246,64.6,0.1625,27.35,,,,shift
random__s0__T1__tau0.7__sig1.5,random,0,1.0,0.7,1.5,20,0.14870871607868313,0.2702345288699327,0.04114918568948287,68.2,0.161083984375,11.05,,,,shift
random__s1__T1__tau0.7__sig1.5,random,1,1.0,0.7,1.5,20,0.152319742384609,0.2578045494462771,0.03864460464499716,71.05,0.168359375,34.15,,,,shift
random__s2__T1__tau0.7__sig1.5,random,2,1.0,0.7,1.5,20,0.17081544455596395,0.27972128557218473,0.044505644607955405,70.55,0.16845703125,14.25,,,,shift
random__s3__T1__tau0.7__sig1.5,random,3,1.0,0.7,1.5,20,0.1334531808463157,0.23567027729269033,0.03558712518010423,70.5,0.162451171875,27.0,,,,shift
random__s4__T1__tau0.7__sig1.5,random,4,1.0,0.7,1.5,20,0.1790591411096079,0.3135807911434477,0.04788976360061142,63.7,0.1625,29.05,,,,shift
random__s0__T2__tau0.7__sig1.5,random,0,2.0,0.7,1.5,20,0.14594895343945638,0.2676505831187191,0.04044514848481106,68.2,0.161083984375,12.45,,,,shift
random__s1__T2__tau0.7__sig1.5,random,1,2.0,0.7,1.5,20,0.14784881999275024,0.2511176274141872,0.03739330071576756,71.35,0.168359375,34.15,,,,shift
random__s2__T2__tau0.7__sig1.5,random,2,2.0,0.7,1.5,20,0.16678164083840621,0.27017555217123257,0.04348905082839549,72.55,0.16845703125,14.8,,,,shift
random__s3__T2__tau0.7__sig1.5,random,3,2.0,0.7,1.5,20,0.12910694633131872,0.22642907990780015,0.034492066960546505,71.65,0.162451171875,27.0,,,,shift
random__s4__T2__tau0.7__sig1.5,random,4,2.0,0.7,1.5,20,0.17699504723000867,0.3074658432649867,0.047264059103123604,65.05,0.1625,29.1,,,,shift
random__s0__T3__tau0.7__sig1.5,random,0,3.0,0.7,1.5,20,0.14276441475660784,0.2578850221181128,0.03950642733555361,70.15,0.161083984375,12.65,,,,shift
random__s1__T3__tau0.7__sig1.5,random,1,3.0,0.7,1.5,20,0.14538896688158548,0.2396853420146837,0.036767796243379364,74.5,0.168359375,34.15,,,,shift
random__s2__T3__tau0.7__sig1.5,random,2,3.0,0.7,1.5,20,0.16156405300239124,0.25881414150729926,0.041924540647827926,74.6,0.16845703125,14.8,,,,shift
random__s3__T3__tau0.7__sig1.5,random,3,3.0,0.7,1.5,20,0.1263225031474605,0.2177042648005659,0.03370965618956824,74.05,0.162451171875,31.3,,,,shift
random__s4__T3__tau0.7__sig1.5,random,4,3.0,0.7,1.5,20,0.17349898627700383,0.29908329990564236,0.046325279396229345,66.55,0.1625,29.25,,,,shift
random__s0__T4__tau0.7__sig1.5,random,0,4.0,0.7,1.5,20,0.13828411732083934,0.24636854084076537,0.03833267347779592,71.95,0.161083984375,12.9,,,,shift
random__s1__T4__tau0.7__sig1.5,random,1,4.0,0.7,1.5,20,0.14133079969788537,0.23323576992704856,0.035672657546044775,75.05,0.168359375,34.3,,,,shift
random__s2__T4__tau0.7__sig1.5,random,2,4.0,0.7,1.5,20,0.15756393773054642,0.25121457383662193,0.040907485797871804,75.75,0.16845703125,14.95,,,,shift
random__s3__T4__tau0.7__sig1.5,random,3,4.0,0.7,1.5,20,0.123433651739039,0.21267238253427875,0.03292749549042913,75.15,0.162451171875,32.65,,,,shift
random__s4__T4__tau0.7__sig1.5,random,4,4.0,0.7,1.5,20,0.1697251898901077,0.28852917726161736,0.04530812290052369,68.95,0.1625,29.25,,,,shift
random__s0__T0.3__tau0.75__sig1.5,random,0,0.3,0.75,1.5,20,0.14950601082953402,0.2625494492000198,0.04138390687527881,71.6,0.161083984375,11.05,,,,shift
random__s1__T0.3__tau0.75__sig1.5,random,1,0.3,0.75,1.5,20,0.1534022719173454,0.2506492340206362,0.03895747416980768,74.25,0.168359375,34.15,,,,shift
random__s2__T0.3__tau0.75__sig1.5,random,2,0.3,0.75,1.5,20,0.17256095943087818,0.27320534045200623,0.044896578846594884,73.55,0.16845703125,14.25,,,,shift
random__s3__T0.3__tau0.75__sig1.5,random,3,0.3,0.75,1.5,20,0.1345758660315009,0.2280824251658823,0.03589973448943286,74.25,0.162451171875,27.0,,,,shift
random__s4__T0.3__tau0.75__sig1.5,random,4,0.3,0.75,1.5,20,0.17986831058689554,0.3035343010010642,0.048046376364706836,67.25,0.1625,27.35,,,,shift
random__s0__T0.5__tau0.75__sig1.5,random,0,0.5,0.75,1.5,20,0.14920480601025693,0.2736103726336264,0.04130565688380709,67.35,0.161083984375,11.05,,,,shift
random__s1__T0.5__tau0.75__sig1.5,random,1,0.5,0.75,1.5,20,0.1531115742429268,0.2598170957739895,0.03887921012723006,70.6,0.168359375,34.15,,,,shift
random__s2__T0.5__tau0.75__sig1.5,random,2,0.5,0.75,1.5,20,0.17100213432679365,0.28169947750975194,0.044505611336830495,69.8,0.16845703125,14.25,,,,shift
random__s3__T0.5__tau0.75__sig1.5,random,3,0.5,0.75,1.5,20,0.13463340189105985,0.23891641131736105,0.035899814497905996,69.9,0.162451171875,27.0,,,,shift
random__s4__T0.5__tau0.75__sig1.5,random,4,0.5,0.75,1.5,20,0.17951370065781752,0.3170175935593496,0.047968176047155246,62.7,0.1625,27.35,,,,shift
random__s0__T1__tau0.75__sig1.5,random,0,1.0,0.75,1.5,20,0.146115298083823,0.2773031389321079,0.0405231879862182,64.55,0.161083984375,12.45,,,,shift
random__s1__T1__tau0.75__sig1.5,random,1,1.0,0.75,1.5,20,0.15095173225949401,0.26394914695684246,0.038253641973067944,68.0,0.168359375,34.15,,,,shift
random__s2__T1__tau0.75__sig1.5,random,2,1.0,0.75,1.5,20,0.16724810497653797,0.2844969206901785,0.043645435526318235,67.2,0.16845703125,14.25,,,,shift
random__s3__T1__tau0.75__sig1.5,random,3,1.0,0.75,1.5,20,0.13217505073174943,0.2409559852261037,0.03527432016835293,67.6,0.162451171875,27.0,,,,shift
random__s4__T1__tau0.75__sig1.5,random,4,1.0,0.75,1.5,20,0.1781122347021752,0.3218152023873474,0.04757698084097768,60.9,0.1625,29.1,,,,shift
random__s0__T2__tau0.75__sig1.5,random,0,2.0,0.75,1.5,20,0.143802329956483,0.2738267655154302,0.03989763592534128,65.1,0.161083984375,12.75,,,,shift
random__s1__T2__tau0.75__sig1.5,random,1,2.0,0.75,1.5,20,0.14631629225297216,0.2581577592147189,0.037002485568121246,67.85,0.168359375,34.15,,,,shift
random__s2__T2__tau0.75__sig1.5,random,2,2.0,0.75,1.5,20,0.1646922757471198,0.2784675047020743,0.04286329966319711,68.7,0.16845703125,14.8,,,,shift
random__s3__T2__tau0.75__sig1.5,random,3,2.0,0.75,1.5,20,0.12717120748500454,0.23383590960174944,0.03394424645261368,67.65,0.162451171875,27.1,,,,shift
random__s4__T2__tau0.75__sig1.5,random,4,2.0,0.75,1.5,20,0.17430672991130394,0.31646910408490436,0.0465598195451099,61.1,0.1625,29.25,,,,shift
random__s0__T3__tau0.75__sig1.5,random,0,3.0,0.75,1.5,20,0.13817876339446267,0.26307659185769705,0.03833289543035409,65.95,0.161083984375,12.95,,,,shift
random__s1__T3__tau0.75__sig1.5,random,1,3.0,0.75,1.5,20,0.14129152342860724,0.2498864187489021,0.035672614496939196,68.25,0.168359375,34.3,,,,shift
random__s2__T3__tau0.75__sig1.5,random,2,3.0,0.75,1.5,20,0.15756393773054642,0.2690590950817452,0.040907485797871804,68.8,0.16845703125,14.95,,,,shift
random__s3__T3__tau0.75__sig1.5,random,3,3.0,0.75,1.5,20,0.12312500976373035,0.22755971392794688,0.032849264764626865,68.2,0.162451171875,32.65,,,,shift
random__s4__T3__tau0.75__sig1.5,random,4,3.0,0.75,1.5,20,0.16999075765567545,0.3073460089322463,0.04538631741241396,62.45,0.1625,29.25,,,,shift
random__s0__T4__tau0.75__sig1.5,random,0,4.0,0.75,1.5,20,0.1329843273400882,0.2539018443094885,0.036846480289599276,66.35,0.161083984375,12.9,,,,shift
random__s1__T4__tau0.75__sig1.5,random,1,4.0,0.75,1.5,20,0.1383428924334347,0.24641544835167778,0.034812418718439694,67.6,0.168359375,37.25,,,,shift
random__s2__T4__tau0.75__sig1.5,random,2,4.0,0.75,1.5,20,0.15156435354251813,0.26376314852261934,0.039499515211595795,68.7,0.16845703125,17.35,,,,shift
random__s3__T4__tau0.75__sig1.5,random,3,4.0,0.75,1.5,20,0.1190138680005591,0.21992188333687568,0.03175451942383033,69.25,0.162451171875,32.65,,,,shift
random__s4__T4__tau0.75__sig1.5,random,4,4.0,0.75,1.5,20,0.16666861226341623,0.3035771604187176,0.04444761776125277,62.5,0.1625,29.75,,,,shift
random__s0__T0.3__tau0.85__sig1.5,random,0,0.3,0.85,1.5,20,0.1486538459812749,0.27684039332390614,0.041149342891015114,66.0,0.161083984375,11.05,,,,shift
random__s1__T0.3__tau0.85__sig1.5,random,1,0.3,0.85,1.5,20,0.1531115742429268,0.2666204777901236,0.03887921012723006,68.15,0.168359375,34.15,,,,shift
random__s2__T0.3__tau0.85__sig1.5,random,2,0.3,0.85,1.5,20,0.17099358914414037,0.28761575720254423,0.04450562913253623,67.7,0.16845703125,14.25,,,,shift
random__s3__T0.3__tau0.85__sig1.5,random,3,0.3,0.85,1.5,20,0.13372324257471074,0.2425397118632763,0.035665181681545345,67.7,0.162451171875,27.0,,,,shift
random__s4__T0.3__tau0.85__sig1.5,random,4,0.3,0.85,1.5,20,0.17922468331677704,0.324795744495341,0.04788990822317536,60.45,0.1625,27.35,,,,shift
random__s0__T0.5__tau0.85__sig1.5,random,0,0.5,0.85,1.5,20,0.14774734382949756,0.28113119203961867,0.040914593607657555,64.0,0.161083984375,11.05,,,,shift
random__s1__T0.5__tau0.85__sig1.5,random,1,0.5,0.85,1.5,20,0.15208277555996444,0.26847415607023384,0.03856636942030585,66.9,0.168359375,34.15,,,,shift
random__s2__T0.5__tau0.85__sig1.5,random,2,0.5,0.85,1.5,20,0.1686225153238844,0.2894750882575106,0.04395820438841541,66.15,0.16845703125,14.25,,,,shift
random__s3__T0.5__tau0.85__sig1.5,random,3,0.5,0.85,1.5,20,0.1325430215299666,0.24638886446677746,0.03535249236374358,65.65,0.162451171875,27.0,,,,shift
random__s4__T0.5__tau0.85__sig1.5,random,4,0.5,0.85,1.5,20,0.17879032390530683,0.32758596519101396,0.04781158917578093,59.25,0.1625,29.05,,,,shift
random__s0__T1__tau0.85__sig1.5,random,0,1.0,0.85,1.5,20,0.1452834391784365,0.29416200571565876,0.040288701182349874,59.25,0.161083984375,12.45,,,,shift
random__s1__T1__tau0.85__sig1.5,random,1,1.0,0.85,1.5,20,0.14696105466244044,0.2763334803703194,0.03715865139482864,62.0,0.168359375,34.15,,,,shift
random__s2__T1__tau0.85__sig1.5,random,2,1.0,0.85,1.5,20,0.16470588979129158,0.2956862295044687,0.04294162539936476,62.6,0.16845703125,14.8,,,,shift
random__s3__T1__tau0.85__sig1.5,random,3,1.0,0.85,1.5,20,0.12828419005222516,0.24901214876546965,0.034257437747166844,62.6,0.162451171875,27.0,,,,shift
random__s4__T1__tau0.85__sig1.5,random,4,1.0,0.85,1.5,20,0.1767262300257076,0.33597342356694,0.04718588467829313,56.4,0.1625,29.1,,,,shift
random__s0__T2__tau0.85__sig1.5,random,0,2.0,0.85,1.5,20,0.13659349180743546,0.2893853484201188,0.037941536841911754,56.75,0.161083984375,13.05,,,,shift
random__s1__T2__tau0.85__sig1.5,random,1,2.0,0.85,1.5,20,0.1399634114721199,0.28026745347132476,0.035281500681469354,57.35,0.168359375,34.3,,,,shift
random__s2__T2__tau0.85__sig1.5,random,2,2.0,0.85,1.5,20,0.1542519923412025,0.2988539264067852,0.040125420819928176,57.7,0.16845703125,14.95,,,,shift
random__s3__T2__tau0.85__sig1.5,random,3,2.0,0.85,1.5,20,0.1225234924226899,0.25409160897899025,0.03269286267406848,58.2,0.162451171875,32.65,,,,shift
random__s4__T2__tau0.85__sig1.5,random,4,2.0,0.85,1.5,20,0.16909922982866377,0.33954184640474605,0.0451515982239926,52.95,0.1625,29.25,,,,shift
random__s0__T3__tau0.85__sig1.5,random,0,3.0,0.85,1.5,20,0.12606901926078423,0.2853760225321119,0.03504735322644935,53.55,0.161083984375,13.45,,,,shift
random__s1__T3__tau0.85__sig1.5,random,1,3.0,0.85,1.5,20,0.13044878882036304,0.28314974800154935,0.032934510083982495,52.55,0.168359375,37.55,,,,shift
random__s2__T3__tau0.85__sig1.5,random,2,3.0,0.85,1.5,20,0.14460900662978401,0.29638896653406804,0.03762214014367782,55.15,0.16845703125,17.45,,,,shift
random__s3__T3__tau0.85__sig1.5,random,3,3.0,0.85,1.5,20,0.11312639401680616,0.24627536758553809,0.03019024107941084,56.25,0.162451171875,33.95,,,,shift
random__s4__T3__tau0.85__sig1.5,random,4,3.0,0.85,1.5,20,0.16206911147179243,0.3398456052050799,0.04319565146321766,50.3,0.1625,29.85,,,,shift
random__s0__T4__tau0.85__sig1.5,random,0,4.0,0.85,1.5,20,0.11930144820668762,0.27628962789270917,0.033090750675278724,53.0,0.161083984375,14.15,,,,shift
random__s1__T4__tau0.85__sig1.5,random,1,4.0,0.85,1.5,20,0.12216543242849502,0.27019332491913406,0.030978807138482396,52.75,0.168359375,39.35,,,,shift
random__s2__T4__tau0.85__sig1.5,random,2,4.0,0.85,1.5,20,0.13575232003311216,0.28301547700456536,0.03535392363192406,55.8,0.16845703125,20.1,,,,shift
random__s3__T4__tau0.85__sig1.5,random,3,4.0,0.85,1.5,20,0.10676583426486282,0.24012230520906636,0.02846967778888391,55.3,0.162451171875,33.95,,,,shift
random__s4__T4__tau0.85__sig1.5,random,4,4.0,0.85,1.5,20,0.1489303903648207,0.3251286155048688,0.03959641992370032,49.95,0.1625,30.0,,,,shift
random__s0__T0.3__tau0.9__sig1.5,random,0,0.3,0.9,1.5,20,0.14812294710487045,0.27964033965392865,0.0409928472650072,64.65,0.161083984375,11.05,,,,shift
random__s1__T0.3__tau0.9__sig1.5,random,1,0.3,0.9,1.5,20,0.15287901610339188,0.2706236560905121,0.03880098678187932,66.55,0.168359375,34.15,,,,shift
random__s2__T0.3__tau0.9__sig1.5,random,2,0.3,0.9,1.5,20,0.16987471220268277,0.2918162553117302,0.044271143041434875,65.9,0.16845703125,14.25,,,,shift
random__s3__T0.3__tau0.9__sig1.5,random,3,0.3,0.9,1.5,20,0.13317926109322928,0.2463611319910895,0.035508859599460096,66.0,0.162451171875,27.0,,,,shift
random__s4__T0.3__tau0.9__sig1.5,random,4,0.3,0.9,1.5,20,0.17922468331677704,0.32889569775235483,0.04788990822317536,59.2,0.1625,27.35,,,,shift
random__s0__T0.5__tau0.9__sig1.5,random,0,0.5,0.9,1.5,20,0.1455694400956573,0.28785786507320216,0.0403667203919225,61.0,0.161083984375,12.45,,,,shift
random__s1__T0.5__tau0.9__sig1.5,random,1,0.5,0.9,1.5,20,0.15095173225949401,0.2786748587297701,0.038253641973067944,62.85,0.168359375,34.15,,,,shift
random__s2__T0.5__tau0.9__sig1.5,random,2,0.5,0.9,1.5,20,0.16691697914872342,0.29627570699213424,0.04356726631289036,63.2,0.16845703125,14.25,,,,shift
random__s3__T0.5__tau0.9__sig1.5,random,3,0.5,0.9,1.5,20,0.13157739141540034,0.2514977574633826,0.035117863935659924,63.15,0.162451171875,27.0,,,,shift
random__s4__T0.5__tau0.9__sig1.5,random,4,0.5,0.9,1.5,20,0.1778434174978741,0.3361859970591596,0.04749880641614719,56.6,0.1625,29.1,,,,shift
random__s0__T1__tau0.9__sig1.5,random,0,1.0,0.9,1.5,20,0.14267495128868343,0.3030214894240285,0.03958458825565062,55.45,0.161083984375,12.75,,,,shift
random__s1__T1__tau0.9__sig1.5,random,1,1.0,0.9,1.5,20,0.1460460219827019,0.28695037412950136,0.03692422657392119,58.2,0.168359375,34.15,,,,shift
random__s2__T1__tau0.9__sig1.5,random,2,1.0,0.9,1.5,20,0.16256169443001708,0.30732303119518267,0.04239415177871979,58.45,0.16845703125,14.8,,,,shift
random__s3__T1__tau0.9__sig1.5,random,3,1.0,0.9,1.5,20,0.12688219014396407,0.25839924170839484,0.033866020945722955,58.85,0.162451171875,27.1,,,,shift
random__s4__T1__tau0.9__sig1.5,random,4,1.0,0.9,1.5,20,0.17403791270700286,0.34939899791884266,0.04648164512027941,51.9,0.1625,29.25,,,,shift
random__s0__T2__tau0.9__sig1.5,random,0,2.0,0.9,1.5,20,0.13105911014717742,0.30779714916977835,0.036376948099429415,49.4,0.161083984375,13.05,,,,shift
random__s1__T2__tau0.9__sig1.5,random,1,2.0,0.9,1.5,20,0.13750568139482316,0.3076333195942563,0.03457761740786512,48.8,0.168359375,37.25,,,,shift
random__s2__T2__tau0.9__sig1.5,random,2,2.0,0.9,1.5,20,0.14920546172313226,0.3211263593593315,0.038952099503138604,50.25,0.16845703125,17.35,,,,shift
random__s3__T2__tau0.9__sig1.5,random,3,2.0,0.9,1.5,20,0.11798131617676003,0.26916741313065184,0.03151979379600676,51.95,0.162451171875,32.7,,,,shift
random__s4__T2__tau0.9__sig1.5,random,4,2.0,0.9,1.5,20,0.16604265220197229,0.3658806100566318,0.04429109308472168,45.7,0.1625,29.75,,,,shift
random__s0__T3__tau0.9__sig1.5,random,0,3.0,0.9,1.5,20,0.12022686965799137,0.30388363633140597,0.03332550177688498,46.3,0.161083984375,13.9,,,,shift
random__s1__T3__tau0.9__sig1.5,random,1,3.0,0.9,1.5,20,0.124130000284623,0.3046776932437795,0.031369907871344735,45.0,0.168359375,39.35,,,,shift
random__s2__T3__tau0.9__sig1.5,random,2,3.0,0.9,1.5,20,0.1355397608531617,0.3184504452456727,0.0354321887390416,46.8,0.16845703125,20.1,,,,shift
random__s3__T3__tau0.9__sig1.5,random,3,3.0,0.9,1.5,20,0.10720337706836994,0.26374119957531195,0.028625994178371084,48.7,0.162451171875,34.0,,,,shift
random__s4__T3__tau0.9__sig1.5,random,4,3.0,0.9,1.5,20,0.15121777871995853,0.3552304550310809,0.04014425767286309,43.6,0.1625,30.0,,,,shift
random__s0__T4__tau0.9__sig1.5,random,0,4.0,0.9,1.5,20,0.10676725601197883,0.28728416960138003,0.02980428895820758,45.05,0.161083984375,14.95,,,,shift
random__s1__T4__tau0.9__sig1.5,random,1,4.0,0.9,1.5,20,0.11277245071373643,0.28481253962544767,0.028475558997771794,45.05,0.168359375,39.35,,,,shift
random__s2__T4__tau0.9__sig1.5,random,2,4.0,0.9,1.5,20,0.12316245838459827,0.29644852554396484,0.03199034108980407,47.25,0.16845703125,20.5,,,,shift
random__s3__T4__tau0.9__sig1.5,random,3,4.0,0.9,1.5,20,0.0988706647860451,0.2556020011092582,0.02643600978721683,47.3,0.162451171875,39.45,,,,shift
random__s4__T4__tau0.9__sig1.5,random,4,4.0,0.9,1.5,20,0.1362140578455685,0.33509148136422406,0.03607523057174113,43.6,0.1625,33.75,,,,shift
greedy_entropy__s0__T0.3__tau0.55__sig1.5,greedy_entropy,0,0.3,0.55,1.5,20,0.27778708017322284,0.29483995523483203,0.0773669506441546,116.4,0.31142578125,12.65,,,,shift
greedy_entropy__s1__T0.3__tau0.55__sig1.5,greedy_entropy,1,0.3,0.55,1.5,20,0.31649707985026126,0.31206393452785325,0.08065275048197248,112.6,0.3109375,7.9,,,,shift
greedy_entropy__s2__T0.3__tau0.55__sig1.5,greedy_entropy,2,0.3,0.55,1.5,20,0.31241432583238976,0.3133501651781284,0.08401555954200693,115.65,0.314404296875,9.0,,,,shift
greedy_entropy__s3__T0.3__tau0.55__sig1.5,greedy_entropy,3,0.3,0.55,1.5,20,0.27954908939491185,0.28699749804454316,0.07533378908031424,118.85,0.315576171875,10.15,,,,shift
greedy_entropy__s4__T0.3__tau0.55__sig1.5,greedy_entropy,4,0.3,0.55,1.5,20,0.29422531416117587,0.30092589413131493,0.07913158634131978,114.05,0.312451171875,21.05,,,,shift
greedy_entropy__s0__T0.5__tau0.55__sig1.5,greedy_entropy,0,0.5,0.55,1.5,20,0.2347261147657239,0.2632799686322044,0.06628092588272844,116.55,0.294287109375,7.95,,,,shift
greedy_entropy__s1__T0.5__tau0.55__sig1.5,greedy_entropy,1,0.5,0.55,1.5,20,0.2810753450605371,0.2869760455981123,0.07337926942679482,112.75,0.297119140625,11.8,,,,shift
greedy_entropy__s2__T0.5__tau0.55__sig1.5,greedy_entropy,2,0.5,0.55,1.5,20,0.2588492864984991,0.279265557005488,0.07025408746170667,113.7,0.29814453125,9.0,,,,shift
greedy_entropy__s3__T0.5__tau0.55__sig1.5,greedy_entropy,3,0.5,0.55,1.5,20,0.2696454976706119,0.28246142995980217,0.07254637095776004,115.55,0.2986328125,9.8,,,,shift
greedy_entropy__s4__T0.5__tau0.55__sig1.5,greedy_entropy,4,0.5,0.55,1.5,20,0.2741384092149311,0.28373354913495435,0.07274997747445681,114.0,0.301513671875,9.55,,,,shift
greedy_entropy__s0__T1__tau0.55__sig1.5,greedy_entropy,0,1.0,0.55,1.5,20,0.25894154462626406,0.3003181540538868,0.07331719618097675,106.5,0.254296875,15.1,,,,shift
greedy_entropy__s1__T1__tau0.55__sig1.5,greedy_entropy,1,1.0,0.55,1.5,20,0.2577698627074877,0.2830821803275089,0.06753906066751372,105.5,0.2466796875,10.55,,,,shift
greedy_entropy__s2__T1__tau0.55__sig1.5,greedy_entropy,2,1.0,0.55,1.5,20,0.2386202945351866,0.26936255921374586,0.06353087471723796,107.95,0.248974609375,17.2,,,,shift
greedy_entropy__s3__T1__tau0.55__sig1.5,greedy_entropy,3,1.0,0.55,1.5,20,0.23432625498697934,0.26343073813400764,0.06157471862969861,107.55,0.242724609375,24.25,,,,shift
greedy_entropy__s4__T1__tau0.55__sig1.5,greedy_entropy,4,1.0,0.55,1.5,20,0.2063376028162883,0.2414761991116766,0.05555019274334675,108.75,0.240966796875,7.75,,,,shift
greedy_entropy__s0__T2__tau0.55__sig1.5,greedy_entropy,0,2.0,0.55,1.5,20,0.17995985653775476,0.22552315342947896,0.05046032090605919,107.05,0.196044921875,12.0,,,,shift
greedy_entropy__s1__T2__tau0.55__sig1.5,greedy_entropy,1,2.0,0.55,1.5,20,0.18034139630597665,0.2134551508073736,0.04687317624657551,108.25,0.1931640625,14.75,,,,shift
greedy_entropy__s2__T2__tau0.55__sig1.5,greedy_entropy,2,2.0,0.55,1.5,20,0.1895332442959972,0.22715221296462107,0.051413932871329934,109.4,0.198388671875,21.0,,,,shift
greedy_entropy__s3__T2__tau0.55__sig1.5,greedy_entropy,3,2.0,0.55,1.5,20,0.1819705279958899,0.22560132040503406,0.04992718054307292,107.1,0.194287109375,47.8,,,,shift
greedy_entropy__s4__T2__tau0.55__sig1.5,greedy_entropy,4,2.0,0.55,1.5,20,0.1811129979366842,0.2152927576044362,0.047892471091220065,108.5,0.194970703125,13.1,,,,shift
greedy_entropy__s0__T3__tau0.55__sig1.5,greedy_entropy,0,3.0,0.55,1.5,20,0.17151323492890158,0.21358118882647456,0.048358384349759205,111.45,0.170849609375,17.85,,,,shift
greedy_entropy__s1__T3__tau0.55__sig1.5,greedy_entropy,1,3.0,0.55,1.5,20,0.17957765885238583,0.20838776016474406,0.047420894063546194,113.2,0.170654296875,27.0,,,,shift
greedy_entropy__s2__T3__tau0.55__sig1.5,greedy_entropy,2,3.0,0.55,1.5,20,0.16464004938955562,0.1915415602614441,0.043498060913942135,114.55,0.1720703125,27.3,,,,shift
greedy_entropy__s3__T3__tau0.55__sig1.5,greedy_entropy,3,3.0,0.55,1.5,20,0.15875200339118178,0.19038938381129894,0.04311187589747113,115.4,0.171728515625,17.15,,,,shift
greedy_entropy__s4__T3__tau0.55__sig1.5,greedy_entropy,4,3.0,0.55,1.5,20,0.1738683423821633,0.20198061699072026,0.04514168015589526,113.1,0.168017578125,22.55,,,,shift
greedy_entropy__s0__T4__tau0.55__sig1.5,greedy_entropy,0,4.0,0.55,1.5,20,0.13752385488067834,0.17094712799138442,0.03880162406375959,118.9,0.156884765625,28.0,,,,shift
greedy_entropy__s1__T4__tau0.55__sig1.5,greedy_entropy,1,4.0,0.55,1.5,20,0.16887326082250437,0.1883246297324876,0.043579830220446515,118.85,0.158642578125,25.15,,,,shift
greedy_entropy__s2__T4__tau0.55__sig1.5,greedy_entropy,2,4.0,0.55,1.5,20,0.14149240691577197,0.16887379176322254,0.0391168327103613,120.9,0.1564453125,17.6,,,,shift
greedy_entropy__s3__T4__tau0.55__sig1.5,greedy_entropy,3,4.0,0.55,1.5,20,0.16277075490788762,0.1882904294730113,0.04357408105394896,119.3,0.160546875,19.3,,,,shift
greedy_entropy__s4__T4__tau0.55__sig1.5,greedy_entropy,4,4.0,0.55,1.5,20,0.17577175837634895,0.19741219180850023,0.0456806637772194,117.5,0.15810546875,19.15,,,,shift
greedy_entropy__s0__T0.3__tau0.6__sig1.5,greedy_entropy,0,0.3,0.6,1.5,20,0.27778708017322284,0.2966160650940626,0.0773669506441546,115.25,0.31142578125,12.65,,,,shift
greedy_entropy__s1__T0.3__tau0.6__sig1.5,greedy_entropy,1,0.3,0.6,1.5,20,0.31649707985026126,0.314064649293449,0.08065275048197248,111.55,0.3109375,7.9,,,,shift
greedy_entropy__s2__T0.3__tau0.6__sig1.5,greedy_entropy,2,0.3,0.6,1.5,20,0.31219973355771163,0.3156532426709691,0.08393726125724363,114.35,0.314404296875,9.0,,,,shift
greedy_entropy__s3__T0.3__tau0.6__sig1.5,greedy_entropy,3,0.3,0.6,1.5,20,0.27954908939491185,0.28951388931567956,0.07533378908031424,117.3,0.315576171875,10.15,,,,shift
greedy_entropy__s4__T0.3__tau0.6__sig1.5,greedy_entropy,4,0.3,0.6,1.5,20,0.29393119651411703,0.3023170906837968,0.07905332229874215,113.1,0.312451171875,21.05,,,,shift
greedy_entropy__s0__T0.5__tau0.6__sig1.5,greedy_entropy,0,0.5,0.6,1.5,20,0.2347261147657239,0.2653321792233513,0.06628092588272844,115.25,0.294287109375,7.95,,,,shift
greedy_entropy__s1__T0.5__tau0.6__sig1.5,greedy_entropy,1,0.5,0.6,1.5,20,0.28078464738611847,0.28820411849823524,0.07330101871433209,111.95,0.297119140625,11.9,,,,shift
greedy_entropy__s2__T0.5__tau0.6__sig1.5,greedy_entropy,2,0.5,0.6,1.5,20,0.2588492864984991,0.2802215394645628,0.07025408746170667,113.1,0.29814453125,9.0,,,,shift
greedy_entropy__s3__T0.5__tau0.6__sig1.5,greedy_entropy,3,0.5,0.6,1.5,20,0.2696454976706119,0.2843199537388882,0.07254637095776004,114.5,0.2986328125,9.8,,,,shift
greedy_entropy__s4__T0.5__tau0.6__sig1.5,greedy_entropy,4,0.5,0.6,1.5,20,0.2741384092149311,0.2854940443075844,0.07274997747445681,112.95,0.301513671875,9.55,,,,shift
greedy_entropy__s0__T1__tau0.6__sig1.5,greedy_entropy,0,1.0,0.6,1.5,20,0.25894154462626406,0.30414070420451716,0.07331719618097675,104.6,0.254296875,15.15,,,,shift
greedy_entropy__s1__T1__tau0.6__sig1.5,greedy_entropy,1,1.0,0.6,1.5,20,0.2577698627074877,0.28551109121091195,0.06753906066751372,104.2,0.2466796875,10.55,,,,shift
greedy_entropy__s2__T1__tau0.6__sig1.5,greedy_entropy,2,1.0,0.6,1.5,20,0.23830973552897544,0.2725646077349646,0.06345258400080109,106.05,0.248974609375,17.2,,,,shift
greedy_entropy__s3__T1__tau0.6__sig1.5,greedy_entropy,3,1.0,0.6,1.5,20,0.23432625498697934,0.2661039568796958,0.06157471862969861,106.0,0.242724609375,24.3,,,,shift
greedy_entropy__s4__T1__tau0.6__sig1.5,greedy_entropy,4,1.0,0.6,1.5,20,0.2063376028162883,0.2455092327216292,0.05555019274334675,106.35,0.240966796875,7.75,,,,shift
greedy_entropy__s0__T2__tau0.6__sig1.5,greedy_entropy,0,2.0,0.6,1.5,20,0.17995985653775476,0.22663424331286613,0.05046032090605919,106.25,0.196044921875,12.0,,,,shift
greedy_entropy__s1__T2__tau0.6__sig1.5,greedy_entropy,1,2.0,0.6,1.5,20,0.18034139630597665,0.21493536679617234,0.04687317624657551,107.2,0.1931640625,14.75,,,,shift
greedy_entropy__s2__T2__tau0.6__sig1.5,greedy_entropy,2,2.0,0.6,1.5,20,0.1895332442959972,0.22888231552199154,0.051413932871329934,108.4,0.198388671875,21.0,,,,shift
greedy_entropy__s3__T2__tau0.6__sig1.5,greedy_entropy,3,2.0,0.6,1.5,20,0.1819705279958899,0.22763092348809216,0.04992718054307292,105.95,0.194287109375,47.8,,,,shift
greedy_entropy__s4__T2__tau0.6__sig1.5,greedy_entropy,4,2.0,0.6,1.5,20,0.1811129979366842,0.21700092640356283,0.047892471091220065,107.5,0.194970703125,13.2,,,,shift
greedy_entropy__s0__T3__tau0.6__sig1.5,greedy_entropy,0,3.0,0.6,1.5,20,0.17151323492890158,0.21382000830647688,0.048358384349759205,111.3,0.170849609375,17.95,,,,shift
greedy_entropy__s1__T3__tau0.6__sig1.5,greedy_entropy,1,3.0,0.6,1.5,20,0.1792709103861282,0.20893302703135364,0.04734261290362034,112.75,0.170654296875,27.3,,,,shift
greedy_entropy__s2__T3__tau0.6__sig1.5,greedy_entropy,2,3.0,0.6,1.5,20,0.16432949038334443,0.1915758990507774,0.04341991092643295,114.35,0.1720703125,27.6,,,,shift
greedy_entropy__s3__T3__tau0.6__sig1.5,greedy_entropy,3,3.0,0.6,1.5,20,0.15875200339118178,0.19065686732441048,0.04311187589747113,115.15,0.171728515625,17.25,,,,shift
greedy_entropy__s4__T3__tau0.6__sig1.5,greedy_entropy,4,3.0,0.6,1.5,20,0.1738683423821633,0.20250838833601423,0.04514168015589526,112.7,0.168017578125,22.65,,,,shift
greedy_entropy__s0__T4__tau0.6__sig1.5,greedy_entropy,0,4.0,0.6,1.5,20,0.13752385488067834,0.17102986378840596,0.03880162406375959,118.85,0.156884765625,28.05,,,,shift
greedy_entropy__s1__T4__tau0.6__sig1.5,greedy_entropy,1,4.0,0.6,1.5,20,0.16887326082250437,0.1883842323814942,0.043579830220446515,118.8,0.158642578125,25.3,,,,shift
greedy_entropy__s2__T4__tau0.6__sig1.5,greedy_entropy,2,4.0,0.6,1.5,20,0.14149240691577197,0.1688793196791982,0.0391168327103613,120.85,0.1564453125,18.0,,,,shift
greedy_entropy__s3__T4__tau0.6__sig1.5,greedy_entropy,3,4.0,0.6,1.5,20,0.16277075490788762,0.18844329900019446,0.04357408105394896,119.2,0.160546875,19.55,,,,shift
greedy_entropy__s4__T4__tau0.6__sig1.5,greedy_entropy,4,4.0,0.6,1.5,20,0.17577175837634895,0.19741219180850023,0.0456806637772194,117.5,0.15810546875,19.25,,,,shift
greedy_entropy__s0__T0.3__tau0.65__sig1.5,greedy_entropy,0,0.3,0.65,1.5,20,0.27778708017322284,0.2979872220580839,0.0773669506441546,114.55,0.31142578125,12.65,,,,shift
greedy_entropy__s1__T0.3__tau0.65__sig1.5,greedy_entropy,1,0.3,0.65,1.5,20,0.31649707985026126,0.3151671814317043,0.08065275048197248,111.0,0.3109375,7.9,,,,shift
greedy_entropy__s2__T0.3__tau0.65__sig1.5,greedy_entropy,2,0.3,0.65,1.5,20,0.31219973355771163,0.316892097841288,0.08393726125724363,113.65,0.314404296875,9.0,,,,shift
greedy_entropy__s3__T0.3__tau0.65__sig1.5,greedy_entropy,3,0.3,0.65,1.5,20,0.27954908939491185,0.2906886291781046,0.07533378908031424,116.65,0.315576171875,10.15,,,,shift
greedy_entropy__s4__T0.3__tau0.65__sig1.5,greedy_entropy,4,0.3,0.65,1.5,20,0.29369310127602183,0.30420202323197487,0.07897511910080736,112.1,0.312451171875,21.05,,,,shift
greedy_entropy__s0__T0.5__tau0.65__sig1.5,greedy_entropy,0,0.5,0.65,1.5,20,0.2347261147657239,0.26825386818687136,0.06628092588272844,113.55,0.294287109375,7.95,,,,shift
greedy_entropy__s1__T0.5__tau0.65__sig1.5,greedy_entropy,1,0.5,0.65,1.5,20,0.28078464738611847,0.2902056165948284,0.07330101871433209,110.8,0.297119140625,11.9,,,,shift
greedy_entropy__s2__T0.5__tau0.65__sig1.5,greedy_entropy,2,0.5,0.65,1.5,20,0.2588492864984991,0.28254036654687115,0.07025408746170667,111.8,0.29814453125,9.0,,,,shift
greedy_entropy__s3__T0.5__tau0.65__sig1.5,greedy_entropy,3,0.5,0.65,1.5,20,0.2696454976706119,0.28665589736687686,0.07254637095776004,113.05,0.2986328125,9.8,,,,shift
greedy_entropy__s4__T0.5__tau0.65__sig1.5,greedy_entropy,4,0.5,0.65,1.5,20,0.27386959201063,0.28864399702330956,0.07267173054174314,111.0,0.301513671875,9.55,,,,shift
greedy_entropy__s0__T1__tau0.65__sig1.5,greedy_entropy,0,1.0,0.65,1.5,20,0.2586811279595974,0.3063442089441662,0.07323902336990042,103.4,0.254296875,15.15,,,,shift
greedy_entropy__s1__T1__tau0.65__sig1.5,greedy_entropy,1,1.0,0.65,1.5,20,0.2577698627074877,0.2881679966446493,0.06753906066751372,102.85,0.2466796875,10.55,,,,shift
greedy_entropy__s2__T1__tau0.65__sig1.5,greedy_entropy,2,1.0,0.65,1.5,20,0.23799917652276426,0.2745865440831199,0.06337440741713343,104.85,0.248974609375,17.2,,,,shift
greedy_entropy__s3__T1__tau0.65__sig1.5,greedy_entropy,3,1.0,0.65,1.5,20,0.23432625498697934,0.2683574606903577,0.06157471862969861,104.65,0.242724609375,24.3,,,,shift
greedy_entropy__s4__T1__tau0.65__sig1.5,greedy_entropy,4,1.0,0.65,1.5,20,0.2063376028162883,0.2487623411645608,0.05555019274334675,104.5,0.240966796875,7.75,,,,shift
greedy_entropy__s0__T2__tau0.65__sig1.5,greedy_entropy,0,2.0,0.65,1.5,20,0.17995985653775476,0.22932447369164016,0.05046032090605919,104.65,0.196044921875,12.0,,,,shift
greedy_entropy__s1__T2__tau0.65__sig1.5,greedy_entropy,1,2.0,0.65,1.5,20,0.18034139630597665,0.21615100386955238,0.04687317624657551,106.35,0.1931640625,14.75,,,,shift
greedy_entropy__s2__T2__tau0.65__sig1.5,greedy_entropy,2,2.0,0.65,1.5,20,0.1895332442959972,0.23130452769954193,0.051413932871329934,107.0,0.198388671875,21.1,,,,shift
greedy_entropy__s3__T2__tau0.65__sig1.5,greedy_entropy,3,2.0,0.65,1.5,20,0.1819705279958899,0.2292073947409358,0.04992718054307292,104.9,0.194287109375,47.95,,,,shift
greedy_entropy__s4__T2__tau0.65__sig1.5,greedy_entropy,4,2.0,0.65,1.5,20,0.1811129979366842,0.2192346068274241,0.047892471091220065,106.0,0.194970703125,13.2,,,,shift
greedy_entropy__s0__T3__tau0.65__sig1.5,greedy_entropy,0,3.0,0.65,1.5,20,0.17151323492890158,0.21435399987057163,0.048358384349759205,110.95,0.170849609375,18.15,,,,shift
greedy_entropy__s1__T3__tau0.65__sig1.5,greedy_entropy,1,3.0,0.65,1.5,20,0.1792709103861282,0.209427981912946,0.04734261290362034,112.4,0.170654296875,27.3,,,,shift
greedy_entropy__s2__T3__tau0.65__sig1.5,greedy_entropy,2,3.0,0.65,1.5,20,0.16432949038334443,0.19172232125602312,0.04341991092643295,114.25,0.1720703125,27.7,,,,shift
greedy_entropy__s3__T3__tau0.65__sig1.5,greedy_entropy,3,3.0,0.65,1.5,20,0.15875200339118178,0.19082809027668104,0.04311187589747113,115.0,0.171728515625,17.35,,,,shift
greedy_entropy__s4__T3__tau0.65__sig1.5,greedy_entropy,4,3.0,0.65,1.5,20,0.1738683423821633,0.2029742508437346,0.04514168015589526,112.4,0.168017578125,22.7,,,,shift
greedy_entropy__s0__T4__tau0.65__sig1.5,greedy_entropy,0,4.0,0.65,1.5,20,0.13752385488067834,0.17113365011406118,0.03880162406375959,118.75,0.156884765625,28.15,,,,shift
greedy_entropy__s1__T4__tau0.65__sig1.5,greedy_entropy,1,4.0,0.65,1.5,20,0.16887326082250437,0.18864391002319203,0.043579830220446515,118.65,0.158642578125,25.3,,,,shift
greedy_entropy__s2__T4__tau0.65__sig1.5,greedy_entropy,2,4.0,0.65,1.5,20,0.14149240691577197,0.16891132992247607,0.0391168327103613,120.8,0.1564453125,18.1,,,,shift
greedy_entropy__s3__T4__tau0.65__sig1.5,greedy_entropy,3,4.0,0.65,1.5,20,0.16277075490788762,0.18851887764922615,0.04357408105394896,119.1,0.160546875,19.65,,,,shift
greedy_entropy__s4__T4__tau0.65__sig1.5,greedy_entropy,4,4.0,0.65,1.5,20,0.17577175837634895,0.19758527315309207,0.0456806637772194,117.4,0.15810546875,19.35,,,,shift
greedy_entropy__s0__T0.3__tau0.7__sig1.5,greedy_entropy,0,0.3,0.7,1.5,20,0.27742211666957317,0.29929610155018666,0.07728871703572857,113.7,0.31142578125,12.65,,,,shift
greedy_entropy__s1__T0.3__tau0.7__sig1.5,greedy_entropy,1,0.3,0.7,1.5,20,0.31606229724156565,0.31621311047240186,0.0805745130950846,110.4,0.3109375,7.9,,,,shift
greedy_entropy__s2__T0.3__tau0.7__sig1.5,greedy_entropy,2,0.3,0.7,1.5,20,0.3118832778615091,0.3180135516049367,0.0838590105447809,113.0,0.314404296875,9.0,,,,shift
greedy_entropy__s3__T0.3__tau0.7__sig1.5,greedy_entropy,3,0.3,0.7,1.5,20,0.27954908939491185,0.29164950249351984,0.07533378908031424,116.1,0.315576171875,10.15,,,,shift
greedy_entropy__s4__T0.3__tau0.7__sig1.5,greedy_entropy,4,0.3,0.7,1.5,20,0.29369310127602183,0.30586727223542576,0.07897511910080736,111.1,0.312451171875,21.05,,,,shift
greedy_entropy__s0__T0.5__tau0.7__sig1.5,greedy_entropy,0,0.5,0.7,1.5,20,0.2347261147657239,0.2707897271444251,0.06628092588272844,112.05,0.294287109375,7.95,,,,shift
greedy_entropy__s1__T0.5__tau0.7__sig1.5,greedy_entropy,1,0.5,0.7,1.5,20,0.28078464738611847,0.29251509567606515,0.07330101871433209,109.6,0.297119140625,11.9,,,,shift
greedy_entropy__s2__T0.5__tau0.7__sig1.5,greedy_entropy,2,0.5,0.7,1.5,20,0.2588492864984991,0.28349216545081424,0.07025408746170667,111.3,0.29814453125,9.0,,,,shift
greedy_entropy__s3__T0.5__tau0.7__sig1.5,greedy_entropy,3,0.5,0.7,1.5,20,0.2696454976706119,0.2886736221435997,0.07254637095776004,111.85,0.2986328125,9.8,,,,shift
greedy_entropy__s4__T0.5__tau0.7__sig1.5,greedy_entropy,4,0.5,0.7,1.5,20,0.27386959201063,0.29086961706122216,0.07267173054174314,109.75,0.301513671875,9.65,,,,shift
greedy_entropy__s0__T1__tau0.7__sig1.5,greedy_entropy,0,1.0,0.7,1.5,20,0.2586811279595974,0.3091244193706725,0.07323902336990042,101.95,0.254296875,15.25,,,,shift
greedy_entropy__s1__T1__tau0.7__sig1.5,greedy_entropy,1,1.0,0.7,1.5,20,0.2577698627074877,0.2907423362951991,0.06753906066751372,101.5,0.2466796875,10.7,,,,shift
greedy_entropy__s2__T1__tau0.7__sig1.5,greedy_entropy,2,1.0,0.7,1.5,20,0.23799917652276426,0.2771966138674617,0.06337440741713343,103.45,0.248974609375,17.3,,,,shift
greedy_entropy__s3__T1__tau0.7__sig1.5,greedy_entropy,3,1.0,0.7,1.5,20,0.23432625498697934,0.27172570400037943,0.06157471862969861,102.9,0.242724609375,24.3,,,,shift
greedy_entropy__s4__T1__tau0.7__sig1.5,greedy_entropy,4,1.0,0.7,1.5,20,0.2063376028162883,0.2512836486719888,0.05555019274334675,103.15,0.240966796875,7.85,,,,shift
greedy_entropy__s0__T2__tau0.7__sig1.5,greedy_entropy,0,2.0,0.7,1.5,20,0.17995985653775476,0.23159378566199237,0.05046032090605919,103.25,0.196044921875,12.0,,,,shift
greedy_entropy__s1__T2__tau0.7__sig1.5,greedy_entropy,1,2.0,0.7,1.5,20,0.18034139630597665,0.21738750452416017,0.04687317624657551,105.6,0.1931640625,14.85,,,,shift
greedy_entropy__s2__T2__tau0.7__sig1.5,greedy_entropy,2,2.0,0.7,1.5,20,0.1895332442959972,0.2328919000251457,0.051413932871329934,106.0,0.198388671875,21.1,,,,shift
greedy_entropy__s3__T2__tau0.7__sig1.5,greedy_entropy,3,2.0,0.7,1.5,20,0.1819705279958899,0.23035592012892842,0.04992718054307292,104.25,0.194287109375,47.95,,,,shift
greedy_entropy__s4__T2__tau0.7__sig1.5,greedy_entropy,4,2.0,0.7,1.5,20,0.1811129979366842,0.22045447441172109,0.047892471091220065,105.25,0.194970703125,13.2,,,,shift
greedy_entropy__s0__T3__tau0.7__sig1.5,greedy_entropy,0,3.0,0.7,1.5,20,0.17151323492890158,0.21470460226428276,0.048358384349759205,110.7,0.170849609375,18.35,,,,shift
greedy_entropy__s1__T3__tau0.7__sig1.5,greedy_entropy,1,3.0,0.7,1.5,20,0.1792709103861282,0.20981436554648608,0.04734261290362034,112.05,0.170654296875,27.5,,,,shift
greedy_entropy__s2__T3__tau0.7__sig1.5,greedy_entropy,2,3.0,0.7,1.5,20,0.16432949038334443,0.19182286587269679,0.04341991092643295,114.2,0.1720703125,27.7,,,,shift
greedy_entropy__s3__T3__tau0.7__sig1.5,greedy_entropy,3,3.0,0.7,1.5,20,0.15875200339118178,0.19155678991287906,0.04311187589747113,114.4,0.171728515625,17.4,,,,shift
greedy_entropy__s4__T3__tau0.7__sig1.5,greedy_entropy,4,3.0,0.7,1.5,20,0.1738683423821633,0.20338584064265866,0.04514168015589526,112.1,0.168017578125,22.8,,,,shift
greedy_entropy__s0__T4__tau0.7__sig1.5,greedy_entropy,0,4.0,0.7,1.5,20,0.13752385488067834,0.17143354746272033,0.03880162406375959,118.5,0.156884765625,28.45,,,,shift
greedy_entropy__s1__T4__tau0.7__sig1.5,greedy_entropy,1,4.0,0.7,1.5,20,0.16887326082250437,0.1888608079316111,0.043579830220446515,118.5,0.158642578125,25.5,,,,shift
greedy_entropy__s2__T4__tau0.7__sig1.5,greedy_entropy,2,4.0,0.7,1.5,20,0.14149240691577197,0.1690423282677601,0.0391168327103613,120.7,0.1564453125,18.1,,,,shift
greedy_entropy__s3__T4__tau0.7__sig1.5,greedy_entropy,3,4.0,0.7,1.5,20,0.16277075490788762,0.18851887764922615,0.04357408105394896,119.1,0.160546875,19.65,,,,shift
greedy_entropy__s4__T4__tau0.7__sig1.5,greedy_entropy,4,4.0,0.7,1.5,20,0.17577175837634895,0.19767147201619895,0.0456806637772194,117.35,0.15810546875,19.45,,,,shift
greedy_entropy__s0__T0.3__tau0.75__sig1.5,greedy_entropy,0,0.3,0.75,1.5,20,0.27709744134489783,0.3012970224705921,0.07721037869832326,112.4,0.31142578125,12.65,,,,shift
greedy_entropy__s1__T0.3__tau0.75__sig1.5,greedy_entropy,1,0.3,0.75,1.5,20,0.31606229724156565,0.31783627217881827,0.0805745130950846,109.6,0.3109375,7.9,,,,shift
greedy_entropy__s2__T0.3__tau0.75__sig1.5,greedy_entropy,2,0.3,0.75,1.5,20,0.31160394825257054,0.31893077877255827,0.08378083396111324,112.4,0.314404296875,9.0,,,,shift
greedy_entropy__s3__T0.3__tau0.75__sig1.5,greedy_entropy,3,0.3,0.75,1.5,20,0.27954908939491185,0.2935887423029864,0.07533378908031424,114.9,0.315576171875,10.15,,,,shift
greedy_entropy__s4__T0.3__tau0.75__sig1.5,greedy_entropy,4,0.3,0.75,1.5,20,0.29342572159687746,0.30780959567507604,0.07889682460039017,109.9,0.312451171875,21.05,,,,shift
greedy_entropy__s0__T0.5__tau0.75__sig1.5,greedy_entropy,0,0.5,0.75,1.5,20,0.2347261147657239,0.2725524975463375,0.06628092588272844,111.05,0.294287109375,7.95,,,,shift
greedy_entropy__s1__T0.5__tau0.75__sig1.5,greedy_entropy,1,0.5,0.75,1.5,20,0.28078464738611847,0.2939995034122188,0.07330101871433209,108.75,0.297119140625,11.9,,,,shift
greedy_entropy__s2__T0.5__tau0.75__sig1.5,greedy_entropy,2,0.5,0.75,1.5,20,0.2588492864984991,0.28568632979809366,0.07025408746170667,110.15,0.29814453125,9.0,,,,shift
greedy_entropy__s3__T0.5__tau0.75__sig1.5,greedy_entropy,3,0.5,0.75,1.5,20,0.2696454976706119,0.29096011467650185,0.07254637095776004,110.65,0.2986328125,9.8,,,,shift
greedy_entropy__s4__T0.5__tau0.75__sig1.5,greedy_entropy,4,0.5,0.75,1.5,20,0.27386959201063,0.2939587492995618,0.07267173054174314,108.0,0.301513671875,9.65,,,,shift
greedy_entropy__s0__T1__tau0.75__sig1.5,greedy_entropy,0,1.0,0.75,1.5,20,0.2586811279595974,0.3145988019947376,0.07323902336990042,99.35,0.254296875,15.35,,,,shift
greedy_entropy__s1__T1__tau0.75__sig1.5,greedy_entropy,1,1.0,0.75,1.5,20,0.2575328958828431,0.2955441894119453,0.06746082328062583,99.25,0.2466796875,10.75,,,,shift
greedy_entropy__s2__T1__tau0.75__sig1.5,greedy_entropy,2,1.0,0.75,1.5,20,0.23750483827851734,0.28062098016470466,0.063217841213516,101.45,0.248974609375,17.3,,,,shift
greedy_entropy__s3__T1__tau0.75__sig1.5,greedy_entropy,3,1.0,0.75,1.5,20,0.23432625498697934,0.27564146997279265,0.06157471862969861,101.0,0.242724609375,24.3,,,,shift
greedy_entropy__s4__T1__tau0.75__sig1.5,greedy_entropy,4,1.0,0.75,1.5,20,0.20606878561198722,0.2562638925298294,0.05547185061735636,100.25,0.240966796875,7.85,,,,shift
greedy_entropy__s0__T2__tau0.75__sig1.5,greedy_entropy,0,2.0,0.75,1.5,20,0.17995985653775476,0.23322526417662964,0.05046032090605919,102.2,0.196044921875,12.0,,,,shift
greedy_entropy__s1__T2__tau0.75__sig1.5,greedy_entropy,1,2.0,0.75,1.5,20,0.18034139630597665,0.21969468518614638,0.04687317624657551,104.15,0.1931640625,14.85,,,,shift
greedy_entropy__s2__T2__tau0.75__sig1.5,greedy_entropy,2,2.0,0.75,1.5,20,0.1893049337937141,0.23395720944623277,0.05133564792834751,105.25,0.198388671875,21.1,,,,shift
greedy_entropy__s3__T2__tau0.75__sig1.5,greedy_entropy,3,2.0,0.75,1.5,20,0.1819705279958899,0.23169971535093206,0.04992718054307292,103.5,0.194287109375,47.95,,,,shift
greedy_entropy__s4__T2__tau0.75__sig1.5,greedy_entropy,4,2.0,0.75,1.5,20,0.1811129979366842,0.2218855303495995,0.047892471091220065,104.25,0.194970703125,13.2,,,,shift
greedy_entropy__s0__T3__tau0.75__sig1.5,greedy_entropy,0,3.0,0.75,1.5,20,0.17151323492890158,0.21540998531692593,0.048358384349759205,110.2,0.170849609375,18.35,,,,shift
greedy_entropy__s1__T3__tau0.75__sig1.5,greedy_entropy,1,3.0,0.75,1.5,20,0.1792709103861282,0.21062843752096003,0.04734261290362034,111.55,0.170654296875,27.5,,,,shift
greedy_entropy__s2__T3__tau0.75__sig1.5,greedy_entropy,2,3.0,0.75,1.5,20,0.16432949038334443,0.1923817489608337,0.04341991092643295,113.75,0.1720703125,27.9,,,,shift
greedy_entropy__s3__T3__tau0.75__sig1.5,greedy_entropy,3,3.0,0.75,1.5,20,0.15875200339118178,0.19258014498627568,0.04311187589747113,113.75,0.171728515625,17.4,,,,shift
greedy_entropy__s4__T3__tau0.75__sig1.5,greedy_entropy,4,3.0,0.75,1.5,20,0.1738683423821633,0.20376331442366685,0.04514168015589526,111.85,0.168017578125,22.9,,,,shift
greedy_entropy__s0__T4__tau0.75__sig1.5,greedy_entropy,0,4.0,0.75,1.5,20,0.13752385488067834,0.17167795776556632,0.03880162406375959,118.3,0.156884765625,28.55,,,,shift
greedy_entropy__s1__T4__tau0.75__sig1.5,greedy_entropy,1,4.0,0.75,1.5,20,0.16887326082250437,0.189202582857615,0.043579830220446515,118.2,0.158642578125,25.6,,,,shift
greedy_entropy__s2__T4__tau0.75__sig1.5,greedy_entropy,2,4.0,0.75,1.5,20,0.14149240691577197,0.16996816342993484,0.0391168327103613,120.0,0.1564453125,18.1,,,,shift
greedy_entropy__s3__T4__tau0.75__sig1.5,greedy_entropy,3,4.0,0.75,1.5,20,0.1624161449788096,0.1885541171761153,0.04349591777062296,118.9,0.160546875,19.8,,,,shift
greedy_entropy__s4__T4__tau0.75__sig1.5,greedy_entropy,4,4.0,0.75,1.5,20,0.17577175837634895,0.19792962989155272,0.0456806637772194,117.15,0.15810546875,19.55,,,,shift
greedy_entropy__s0__T0.3__tau0.85__sig1.5,greedy_entropy,0,0.3,0.85,1.5,20,0.27660483050745943,0.30675420286301464,0.07705403307617058,109.2,0.31142578125,12.75,,,,shift
greedy_entropy__s1__T0.3__tau0.85__sig1.5,greedy_entropy,1,0.3,0.85,1.5,20,0.31562751463287003,0.32390844785145717,0.0804963098971498,106.3,0.3109375,7.9,,,,shift
greedy_entropy__s2__T0.3__tau0.85__sig1.5,greedy_entropy,2,0.3,0.85,1.5,20,0.3113756377502874,0.3241057502504777,0.08370267822003889,109.65,0.314404296875,9.0,,,,shift
greedy_entropy__s3__T0.3__tau0.85__sig1.5,greedy_entropy,3,0.3,0.85,1.5,20,0.27922857657439903,0.29959821658971203,0.07525562004146512,111.4,0.315576171875,10.15,,,,shift
greedy_entropy__s4__T0.3__tau0.85__sig1.5,greedy_entropy,4,0.3,0.85,1.5,20,0.2928267800249687,0.3152426437935233,0.07874033265285055,105.9,0.312451171875,21.15,,,,shift
greedy_entropy__s0__T0.5__tau0.85__sig1.5,greedy_entropy,0,0.5,0.85,1.5,20,0.23363754933505318,0.27857508627466926,0.06596786966467703,107.3,0.294287109375,8.15,,,,shift
greedy_entropy__s1__T0.5__tau0.85__sig1.5,greedy_entropy,1,0.5,0.85,1.5,20,0.27997403525032594,0.30030661101171197,0.07306644520652515,105.0,0.297119140625,11.9,,,,shift
greedy_entropy__s2__T0.5__tau0.85__sig1.5,greedy_entropy,2,0.5,0.85,1.5,20,0.25703349782509255,0.29082677650596794,0.06978478830314166,106.45,0.29814453125,9.4,,,,shift
greedy_entropy__s3__T0.5__tau0.85__sig1.5,greedy_entropy,3,0.5,0.85,1.5,20,0.26828492357462974,0.2988554425131209,0.07215492703776956,106.0,0.2986328125,9.8,,,,shift
greedy_entropy__s4__T0.5__tau0.85__sig1.5,greedy_entropy,4,0.5,0.85,1.5,20,0.27252160666264463,0.3002768142390045,0.07235880157920808,104.1,0.301513671875,9.75,,,,shift
greedy_entropy__s0__T1__tau0.85__sig1.5,greedy_entropy,0,1.0,0.85,1.5,20,0.2556383152708511,0.3226002930633004,0.07245667530678973,94.45,0.254296875,15.45,,,,shift
greedy_entropy__s1__T1__tau0.85__sig1.5,greedy_entropy,1,1.0,0.85,1.5,20,0.25463099622264534,0.30626940958229815,0.06675656619094551,93.15,0.2466796875,11.4,,,,shift
greedy_entropy__s2__T1__tau0.85__sig1.5,greedy_entropy,2,1.0,0.85,1.5,20,0.2361331059806385,0.290663807359657,0.06282658545287707,95.9,0.248974609375,17.5,,,,shift
greedy_entropy__s3__T1__tau0.85__sig1.5,greedy_entropy,3,1.0,0.85,1.5,20,0.23336321355571754,0.2838822622709537,0.06133992643351516,96.35,0.242724609375,24.3,,,,shift
greedy_entropy__s4__T1__tau0.85__sig1.5,greedy_entropy,4,1.0,0.85,1.5,20,0.20412048137217145,0.26360381607139055,0.055002340509496685,95.65,0.240966796875,7.95,,,,shift
greedy_entropy__s0__T2__tau0.85__sig1.5,greedy_entropy,0,2.0,0.85,1.5,20,0.17770421355580854,0.2491962225602274,0.049834350571340835,92.5,0.196044921875,12.1,,,,shift
greedy_entropy__s1__T2__tau0.85__sig1.5,greedy_entropy,1,2.0,0.85,1.5,20,0.17699905187616463,0.23549273169973645,0.04601231159697095,93.6,0.1931640625,15.0,,,,shift
greedy_entropy__s2__T2__tau0.85__sig1.5,greedy_entropy,2,2.0,0.85,1.5,20,0.1866812899147182,0.24849671678443416,0.05055330763127928,95.5,0.198388671875,21.25,,,,shift
greedy_entropy__s3__T2__tau0.85__sig1.5,greedy_entropy,3,2.0,0.85,1.5,20,0.1777462256936736,0.24615729794952843,0.0487536665822393,92.85,0.194287109375,47.95,,,,shift
greedy_entropy__s4__T2__tau0.85__sig1.5,greedy_entropy,4,2.0,0.85,1.5,20,0.17856831090697695,0.23854352129248566,0.04726640626007048,93.35,0.194970703125,13.35,,,,shift
greedy_entropy__s0__T3__tau0.85__sig1.5,greedy_entropy,0,3.0,0.85,1.5,20,0.16666515071866445,0.23832582618592496,0.04694999829027693,93.65,0.170849609375,18.55,,,,shift
greedy_entropy__s1__T3__tau0.85__sig1.5,greedy_entropy,1,3.0,0.85,1.5,20,0.1728216194138174,0.23409309920130808,0.04562084364279757,93.2,0.170654296875,28.2,,,,shift
greedy_entropy__s2__T3__tau0.85__sig1.5,greedy_entropy,2,3.0,0.85,1.5,20,0.15945372099617613,0.21330551216532556,0.04201151099570003,96.5,0.1720703125,27.95,,,,shift
greedy_entropy__s3__T3__tau0.85__sig1.5,greedy_entropy,3,3.0,0.85,1.5,20,0.15068743003974266,0.21363774617639147,0.041077667745759515,94.7,0.171728515625,17.6,,,,shift
greedy_entropy__s4__T3__tau0.85__sig1.5,greedy_entropy,4,3.0,0.85,1.5,20,0.16491260887613104,0.2239921398730737,0.04295114053632182,94.2,0.168017578125,23.4,,,,shift
greedy_entropy__s0__T4__tau0.85__sig1.5,greedy_entropy,0,4.0,0.85,1.5,20,0.12799794332845255,0.18635921012785622,0.036376207383734906,99.35,0.156884765625,39.05,,,,shift
greedy_entropy__s1__T4__tau0.85__sig1.5,greedy_entropy,1,4.0,0.85,1.5,20,0.16024798173286908,0.21304861228571464,0.0414669512548267,96.65,0.158642578125,26.85,,,,shift
greedy_entropy__s2__T4__tau0.85__sig1.5,greedy_entropy,2,4.0,0.85,1.5,20,0.13743151751585986,0.19004931001930908,0.0380217594045711,101.25,0.1564453125,21.7,,,,shift
greedy_entropy__s3__T4__tau0.85__sig1.5,greedy_entropy,3,4.0,0.85,1.5,20,0.1540510377281117,0.21169836389427651,0.04130576216256321,97.6,0.160546875,20.25,,,,shift
greedy_entropy__s4__T4__tau0.85__sig1.5,greedy_entropy,4,4.0,0.85,1.5,20,0.16541896370459916,0.21931383622547385,0.04302033363690462,96.75,0.15810546875,20.1,,,,shift
greedy_entropy__s0__T0.3__tau0.9__sig1.5,greedy_entropy,0,0.3,0.9,1.5,20,0.2756230503401954,0.31170218054497006,0.0768193701673547,106.3,0.31142578125,12.75,,,,shift
greedy_entropy__s1__T0.3__tau0.9__sig1.5,greedy_entropy,1,0.3,0.9,1.5,20,0.31389184542406523,0.3292500493801107,0.08010530331695401,103.15,0.3109375,7.9,,,,shift
greedy_entropy__s2__T0.3__tau0.9__sig1.5,greedy_entropy,2,0.3,0.9,1.5,20,0.3106396871367827,0.32880414257660007,0.08346814092312502,107.1,0.314404296875,9.0,,,,shift
greedy_entropy__s3__T0.3__tau0.9__sig1.5,greedy_entropy,3,0.3,0.9,1.5,20,0.27861904641284574,0.3054491618950021,0.0750991260206436,108.15,0.315576171875,10.15,,,,shift
greedy_entropy__s4__T0.3__tau0.9__sig1.5,greedy_entropy,4,0.3,0.9,1.5,20,0.29124488801069826,0.31980008394658116,0.07827062246610535,103.0,0.312451171875,21.15,,,,shift
greedy_entropy__s0__T0.5__tau0.9__sig1.5,greedy_entropy,0,0.5,0.9,1.5,20,0.23083747263103932,0.28884492151951086,0.06526339040187518,100.85,0.294287109375,8.15,,,,shift
greedy_entropy__s1__T0.5__tau0.9__sig1.5,greedy_entropy,1,0.5,0.9,1.5,20,0.2761128096697935,0.3097275255354465,0.07204948232533723,99.35,0.297119140625,11.9,,,,shift
greedy_entropy__s2__T0.5__tau0.9__sig1.5,greedy_entropy,2,0.5,0.9,1.5,20,0.2526616444828907,0.29927685391313574,0.06868924563881065,100.3,0.29814453125,9.5,,,,shift
greedy_entropy__s3__T0.5__tau0.9__sig1.5,greedy_entropy,3,0.5,0.9,1.5,20,0.26383538783722454,0.307379984123702,0.07098074545062458,100.05,0.2986328125,9.8,,,,shift
greedy_entropy__s4__T0.5__tau0.9__sig1.5,greedy_entropy,4,0.5,0.9,1.5,20,0.2697215958618764,0.3129548056611185,0.07157653974908221,96.9,0.301513671875,9.75,,,,shift
greedy_entropy__s0__T1__tau0.9__sig1.5,greedy_entropy,0,1.0,0.9,1.5,20,0.24859694485322384,0.33385292429233115,0.07049993975061655,87.05,0.254296875,17.25,,,,shift
greedy_entropy__s1__T1__tau0.9__sig1.5,greedy_entropy,1,1.0,0.9,1.5,20,0.24766887933064488,0.3161179437182016,0.06487801687823767,86.5,0.2466796875,11.7,,,,shift
greedy_entropy__s2__T1__tau0.9__sig1.5,greedy_entropy,2,1.0,0.9,1.5,20,0.22632253150190373,0.29758955324191677,0.06032301132462085,89.0,0.248974609375,17.5,,,,shift
greedy_entropy__s3__T1__tau0.9__sig1.5,greedy_entropy,3,1.0,0.9,1.5,20,0.22717228827342298,0.2948387368947696,0.059697221211794174,88.7,0.242724609375,24.3,,,,shift
greedy_entropy__s4__T1__tau0.9__sig1.5,greedy_entropy,4,1.0,0.9,1.5,20,0.19656789870809527,0.27217007694092976,0.05312506107739092,88.1,0.240966796875,8.05,,,,shift
greedy_entropy__s0__T2__tau0.9__sig1.5,greedy_entropy,0,2.0,0.9,1.5,20,0.16585607618893408,0.27378793029549,0.04639148251115308,75.95,0.196044921875,12.75,,,,shift
greedy_entropy__s1__T2__tau0.9__sig1.5,greedy_entropy,1,2.0,0.9,1.5,20,0.16741190033074302,0.26654828732007435,0.04350847413918423,74.65,0.1931640625,16.15,,,,shift
greedy_entropy__s2__T2__tau0.9__sig1.5,greedy_entropy,2,2.0,0.9,1.5,20,0.17533803782111892,0.27528391259046614,0.04750208727210385,77.0,0.198388671875,21.45,,,,shift
greedy_entropy__s3__T2__tau0.9__sig1.5,greedy_entropy,3,2.0,0.9,1.5,20,0.16909557922430474,0.26668345152650436,0.046405875667576896,77.9,0.194287109375,48.1,,,,shift
greedy_entropy__s4__T2__tau0.9__sig1.5,greedy_entropy,4,2.0,0.9,1.5,20,0.1691954102772526,0.2655474021445993,0.044918471300935195,76.6,0.194970703125,13.35,,,,shift
greedy_entropy__s0__T3__tau0.9__sig1.5,greedy_entropy,0,3.0,0.9,1.5,20,0.15024169769112405,0.2698262261334202,0.04217657213312047,71.35,0.170849609375,28.6,,,,shift
greedy_entropy__s1__T3__tau0.9__sig1.5,greedy_entropy,1,3.0,0.9,1.5,20,0.15177340079881513,0.2615535200545643,0.04022162271541274,70.75,0.170654296875,28.45,,,,shift
greedy_entropy__s2__T3__tau0.9__sig1.5,greedy_entropy,2,3.0,0.9,1.5,20,0.1383109745688793,0.2379706675717252,0.036456411595242696,73.0,0.1720703125,29.7,,,,shift
greedy_entropy__s3__T3__tau0.9__sig1.5,greedy_entropy,3,3.0,0.9,1.5,20,0.132433155231999,0.2405047756215246,0.036147714629780135,71.6,0.171728515625,18.05,,,,shift
greedy_entropy__s4__T3__tau0.9__sig1.5,greedy_entropy,4,3.0,0.9,1.5,20,0.15071947191110108,0.25964733458710987,0.03950841563028715,71.0,0.168017578125,23.4,,,,shift
greedy_entropy__s0__T4__tau0.9__sig1.5,greedy_entropy,0,4.0,0.9,1.5,20,0.1092715428703915,0.21019382387377245,0.03105647797760779,72.7,0.156884765625,42.25,,,,shift
greedy_entropy__s1__T4__tau0.9__sig1.5,greedy_entropy,1,4.0,0.9,1.5,20,0.13587578807627443,0.240497661611678,0.0350513745062624,69.7,0.158642578125,29.6,,,,shift
greedy_entropy__s2__T4__tau0.9__sig1.5,greedy_entropy,2,4.0,0.9,1.5,20,0.11470774938105929,0.21240792065554878,0.03184043539344146,73.4,0.1564453125,23.25,,,,shift
greedy_entropy__s3__T4__tau0.9__sig1.5,greedy_entropy,3,4.0,0.9,1.5,20,0.13001337268005433,0.23407114975804783,0.03481253031171576,72.15,0.160546875,21.35,,,,shift
greedy_entropy__s4__T4__tau0.9__sig1.5,greedy_entropy,4,4.0,0.9,1.5,20,0.14286506527959436,0.24759713204252076,0.03723111578510821,71.05,0.15810546875,24.45,,,,shift
ppo__s0__T0.3__tau0.6__sig1.5,ppo,0,0.3,0.6,1.5,20,0.3565215638996772,0.3711624297793835,0.10150691802542974,107.8,0.327197265625,5.45,,,,shift
ppo__s1__T0.3__tau0.6__sig1.5,ppo,1,0.3,0.6,1.5,20,0.3496481228099805,0.3448050916298034,0.09075102985225456,107.95,0.328564453125,9.7,,,,shift
ppo__s2__T0.3__tau0.6__sig1.5,ppo,2,0.3,0.6,1.5,20,0.34073330370358035,0.3409687405853567,0.0908359697352611,110.5,0.326171875,7.55,,,,shift
ppo__s3__T0.3__tau0.6__sig1.5,ppo,3,0.3,0.6,1.5,20,0.32590502860574155,0.32590929420854875,0.0879053639764596,114.7,0.33310546875,11.85,,,,shift
ppo__s4__T0.3__tau0.6__sig1.5,ppo,4,0.3,0.6,1.5,20,0.32116489107176227,0.31894797800447583,0.08419487675485318,113.5,0.328564453125,10.5,,,,shift
ppo__s0__T0.5__tau0.6__sig1.5,ppo,0,0.5,0.6,1.5,20,0.3552548026993097,0.3598878710574942,0.10079410114751323,111.3,0.336083984375,6.9,,,,shift
ppo__s1__T0.5__tau0.6__sig1.5,ppo,1,0.5,0.6,1.5,20,0.32170286799668746,0.31925364210235657,0.08334837854714014,109.1,0.3251953125,8.15,,,,shift
ppo__s2__T0.5__tau0.6__sig1.5,ppo,2,0.5,0.6,1.5,20,0.298091136316638,0.325347048280853,0.08028464770652947,107.6,0.31396484375,5.0,,,,shift
ppo__s3__T0.5__tau0.6__sig1.5,ppo,3,0.5,0.6,1.5,20,0.33035036875595714,0.3281197150026264,0.08748337756083621,114.2,0.329443359375,10.9,,,,shift
ppo__s4__T0.5__tau0.6__sig1.5,ppo,4,0.5,0.6,1.5,20,0.33717197994361664,0.3330417293464296,0.08873113094795135,112.6,0.332763671875,9.55,,,,shift
ppo__s0__T1__tau0.6__sig1.5,ppo,0,1.0,0.6,1.5,20,0.3519902550799764,0.3696562657560903,0.0992086408805052,105.8,0.32763671875,6.95,,,,shift
ppo__s1__T1__tau0.6__sig1.5,ppo,1,1.0,0.6,1.5,20,0.3517988102249528,0.35027121016765983,0.0910008331163639,105.65,0.32705078125,9.6,,,,shift
ppo__s2__T1__tau0.6__sig1.5,ppo,2,1.0,0.6,1.5,20,0.34618870427070975,0.35440901541486247,0.09184271211835947,106.2,0.326513671875,7.9,,,,shift
ppo__s3__T1__tau0.6__sig1.5,ppo,3,1.0,0.6,1.5,20,0.32789251412625925,0.3415356067522196,0.08865728729271548,107.0,0.3265625,8.75,,,,shift
ppo__s4__T1__tau0.6__sig1.5,ppo,4,1.0,0.6,1.5,20,0.3476720783948485,0.35239928034146706,0.09075437514810517,105.45,0.326123046875,9.85,,,,shift
ppo__s0__T2__tau0.6__sig1.5,ppo,0,2.0,0.6,1.5,20,0.3368137303563604,0.3751977826702059,0.09507473350477863,99.15,0.318701171875,11.15,,,,shift
ppo__s1__T2__tau0.6__sig1.5,ppo,1,2.0,0.6,1.5,20,0.32409841009177354,0.34711142495067243,0.08334146059708589,98.2,0.322314453125,8.6,,,,shift
ppo__s2__T2__tau0.6__sig1.5,ppo,2,2.0,0.6,1.5,20,0.32254748567486363,0.34804984763429636,0.08646118378579766,101.6,0.320068359375,8.1,,,,shift
ppo__s3__T2__tau0.6__sig1.5,ppo,3,2.0,0.6,1.5,20,0.3177609949573573,0.35002994267717435,0.08552237869545648,100.2,0.325390625,9.15,,,,shift
ppo__s4__T2__tau0.6__sig1.5,ppo,4,2.0,0.6,1.5,20,0.3188586598527433,0.34789807380003046,0.08387428936532246,99.3,0.32275390625,10.45,,,,shift
ppo__s0__T3__tau0.6__sig1.5,ppo,0,3.0,0.6,1.5,20,0.3234268085002555,0.38296199177755225,0.09193158164164912,92.55,0.31552734375,12.7,,,,shift
ppo__s1__T3__tau0.6__sig1.5,ppo,1,3.0,0.6,1.5,20,0.31274989274642906,0.352904127054665,0.08110225655431416,92.8,0.32373046875,8.8,,,,shift
ppo__s2__T3__tau0.6__sig1.5,ppo,2,3.0,0.6,1.5,20,0.32495461397286307,0.36898674476153615,0.08753758406767849,93.1,0.323388671875,4.95,,,,shift
ppo__s3__T3__tau0.6__sig1.5,ppo,3,3.0,0.6,1.5,20,0.3053729649234347,0.35681667608808953,0.08335576005866321,93.95,0.32451171875,8.65,,,,shift
ppo__s4__T3__tau0.6__sig1.5,ppo,4,3.0,0.6,1.5,20,0.31909370262099024,0.37015844239646245,0.08331820147933075,89.25,0.318798828125,7.3,,,,shift
ppo__s0__T4__tau0.6__sig1.5,ppo,0,4.0,0.6,1.5,20,0.3082315763325789,0.37768931072389506,0.08632870317964077,88.25,0.31689453125,9.65,,,,shift
ppo__s1__T4__tau0.6__sig1.5,ppo,1,4.0,0.6,1.5,20,0.31429697676458,0.3630372129787123,0.08004030763465161,88.1,0.32041015625,8.3,,,,shift
ppo__s2__T4__tau0.6__sig1.5,ppo,2,4.0,0.6,1.5,20,0.3083423453349912,0.3620267937582156,0.08154541016581988,90.45,0.320556640625,5.2,,,,shift
ppo__s3__T4__tau0.6__sig1.5,ppo,3,4.0,0.6,1.5,20,0.3059579138137719,0.3609754090330155,0.0824709406903618,91.55,0.31708984375,9.9,,,,shift
ppo__s4__T4__tau0.6__sig1.5,ppo,4,4.0,0.6,1.5,20,0.2961215421302342,0.35972884730808474,0.07713726086282045,86.8,0.3216796875,9.3,,,,shift
ppo__s0__T0.3__tau0.75__sig1.5,ppo,0,0.3,0.75,1.5,20,0.3520976710988261,0.3780923402887309,0.10041097867066491,103.4,0.327197265625,6.1,,,,shift
ppo__s1__T0.3__tau0.75__sig1.5,ppo,1,0.3,0.75,1.5,20,0.3467328084821827,0.35127005931719735,0.0899686903628721,103.95,0.328564453125,9.7,,,,shift
ppo__s2__T0.3__tau0.75__sig1.5,ppo,2,0.3,0.75,1.5,20,0.333867729390015,0.3443721519929066,0.08903667186817074,106.9,0.326171875,7.55,,,,shift
ppo__s3__T0.3__tau0.75__sig1.5,ppo,3,0.3,0.75,1.5,20,0.3221133842791591,0.33155846406437245,0.08688776426108263,110.4,0.33310546875,11.85,,,,shift
ppo__s4__T0.3__tau0.75__sig1.5,ppo,4,0.3,0.75,1.5,20,0.3163792176705179,0.32652330428118304,0.08294288710663127,107.95,0.328564453125,10.5,,,,shift
ppo__s0__T0.5__tau0.75__sig1.5,ppo,0,0.5,0.75,1.5,20,0.35157466853298763,0.37491030402880254,0.09977676713312683,103.1,0.336083984375,6.9,,,,shift
ppo__s1__T0.5__tau0.75__sig1.5,ppo,1,0.5,0.75,1.5,20,0.31731226253702455,0.3324765788426454,0.08217410525100016,100.9,0.3251953125,8.15,,,,shift
ppo__s2__T0.5__tau0.75__sig1.5,ppo,2,0.5,0.75,1.5,20,0.29444054836428646,0.33661923082192663,0.07934579026892118,100.95,0.31396484375,5.2,,,,shift
ppo__s3__T0.5__tau0.75__sig1.5,ppo,3,0.5,0.75,1.5,20,0.32796747015047895,0.3417172912969505,0.08685721209303456,106.25,0.329443359375,11.0,,,,shift
ppo__s4__T0.5__tau0.75__sig1.5,ppo,4,0.5,0.75,1.5,20,0.3313917233264355,0.3485906043978918,0.08716627340554184,102.9,0.332763671875,9.65,,,,shift
ppo__s0__T1__tau0.75__sig1.5,ppo,0,1.0,0.75,1.5,20,0.3430132674595435,0.3998985060751432,0.09670516434051322,90.3,0.32763671875,7.1,,,,shift
ppo__s1__T1__tau0.75__sig1.5,ppo,1,1.0,0.75,1.5,20,0.3443338167334415,0.3786367361121173,0.08904468286973687,91.2,0.32705078125,9.65,,,,shift
ppo__s2__T1__tau0.75__sig1.5,ppo,2,1.0,0.75,1.5,20,0.336844483014323,0.3829454572597255,0.08941736856908797,91.15,0.326513671875,7.9,,,,shift
ppo__s3__T1__tau0.75__sig1.5,ppo,3,1.0,0.75,1.5,20,0.31994539032352176,0.3702007888536393,0.08646654935210155,91.65,0.3265625,8.75,,,,shift
ppo__s4__T1__tau0.75__sig1.5,ppo,4,1.0,0.75,1.5,20,0.33879704223580814,0.38528853221617887,0.08832869965701605,89.1,0.326123046875,10.3,,,,shift
ppo__s0__T2__tau0.75__sig1.5,ppo,0,2.0,0.75,1.5,20,0.3088214394704719,0.4220408405984129,0.08748548864378701,74.3,0.318701171875,11.75,,,,shift
ppo__s1__T2__tau0.75__sig1.5,ppo,1,2.0,0.75,1.5,20,0.2995627613612212,0.39318351586405126,0.07715923483224905,74.35,0.322314453125,8.65,,,,shift
ppo__s2__T2__tau0.75__sig1.5,ppo,2,2.0,0.75,1.5,20,0.2945090442351542,0.3873412425911127,0.07887163584517967,78.1,0.320068359375,8.2,,,,shift
ppo__s3__T2__tau0.75__sig1.5,ppo,3,2.0,0.75,1.5,20,0.29189874692820317,0.39293323879657743,0.07863645285914365,76.3,0.325390625,9.65,,,,shift
ppo__s4__T2__tau0.75__sig1.5,ppo,4,2.0,0.75,1.5,20,0.29177152800560824,0.39514935391442757,0.07675461698696107,74.05,0.32275390625,10.7,,,,shift
ppo__s0__T3__tau0.75__sig1.5,ppo,0,3.0,0.75,1.5,20,0.28752659815853104,0.4460886541268674,0.08176050018110007,62.9,0.31552734375,13.5,,,,shift
ppo__s1__T3__tau0.75__sig1.5,ppo,1,3.0,0.75,1.5,20,0.27317495143003795,0.412733020960611,0.0709356381720217,62.8,0.32373046875,9.0,,,,shift
ppo__s2__T3__tau0.75__sig1.5,ppo,2,3.0,0.75,1.5,20,0.2807746109500115,0.42231225237077047,0.07596048539359565,63.7,0.323388671875,5.4,,,,shift
ppo__s3__T3__tau0.75__sig1.5,ppo,3,3.0,0.75,1.5,20,0.2683564571755156,0.4191541025656207,0.07325944092670539,63.2,0.32451171875,8.9,,,,shift
ppo__s4__T3__tau0.75__sig1.5,ppo,4,3.0,0.75,1.5,20,0.27961157585136187,0.4295564441147562,0.0732248988564277,60.9,0.318798828125,7.65,,,,shift
ppo__s0__T4__tau0.75__sig1.5,ppo,0,4.0,0.75,1.5,20,0.25334206226566863,0.4621128920531235,0.07114621347699844,50.6,0.31689453125,11.85,,,,shift
ppo__s1__T4__tau0.75__sig1.5,ppo,1,4.0,0.75,1.5,20,0.2657562845119295,0.4732286663967945,0.06736578786807432,46.55,0.32041015625,8.45,,,,shift
ppo__s2__T4__tau0.75__sig1.5,ppo,2,4.0,0.75,1.5,20,0.2571513161279679,0.4605899704489552,0.06800528384631334,49.85,0.320556640625,6.3,,,,shift
ppo__s3__T4__tau0.75__sig1.5,ppo,3,4.0,0.75,1.5,20,0.25862398558504307,0.45389138499813375,0.06948204384348575,51.7,0.31708984375,12.2,,,,shift
ppo__s4__T4__tau0.75__sig1.5,ppo,4,4.0,0.75,1.5,20,0.2408702540499013,0.4490231069316861,0.0625857509417966,48.5,0.3216796875,9.65,,,,shift
ppo__s0__T0.3__tau0.9__sig1.5,ppo,0,0.3,0.9,1.5,20,0.3486824079653292,0.39389294878005543,0.09947191789375157,95.5,0.327197265625,6.2,,,,shift
ppo__s1__T0.3__tau0.9__sig1.5,ppo,1,0.3,0.9,1.5,20,0.34377026228075963,0.36790126233520704,0.08926458545225292,95.6,0.328564453125,9.8,,,,shift
ppo__s2__T0.3__tau0.9__sig1.5,ppo,2,0.3,0.9,1.5,20,0.32702717778163104,0.35598554966856233,0.0872364916476054,99.5,0.326171875,7.55,,,,shift
ppo__s3__T0.3__tau0.9__sig1.5,ppo,3,0.3,0.9,1.5,20,0.31831245788207874,0.3468612306779779,0.08594842410854685,101.7,0.33310546875,11.85,,,,shift
ppo__s4__T0.3__tau0.9__sig1.5,ppo,4,0.3,0.9,1.5,20,0.31243339505839535,0.3435174688280248,0.08200388736279203,98.65,0.328564453125,10.5,,,,shift
ppo__s0__T0.5__tau0.9__sig1.5,ppo,0,0.5,0.9,1.5,20,0.3426662991526216,0.40225341337577314,0.09703746280809382,89.6,0.336083984375,6.95,,,,shift
ppo__s1__T0.5__tau0.9__sig1.5,ppo,1,0.5,0.9,1.5,20,0.3097967864100645,0.3565582670710955,0.08013854370002009,88.25,0.3251953125,8.15,,,,shift
ppo__s2__T0.5__tau0.9__sig1.5,ppo,2,0.5,0.9,1.5,20,0.2875312106063624,0.36020769789065776,0.07738967995146492,88.35,0.31396484375,5.25,,,,shift
ppo__s3__T0.5__tau0.9__sig1.5,ppo,3,0.5,0.9,1.5,20,0.31750099959796085,0.3614748937148718,0.08404034635513179,94.05,0.329443359375,11.2,,,,shift
ppo__s4__T0.5__tau0.9__sig1.5,ppo,4,0.5,0.9,1.5,20,0.32106906570087224,0.37149505769113855,0.08450517761732615,89.85,0.332763671875,11.05,,,,shift
ppo__s0__T1__tau0.9__sig1.5,ppo,0,1.0,0.9,1.5,20,0.31952339005027736,0.4333199702901431,0.09021171414404164,73.05,0.32763671875,7.3,,,,shift
ppo__s1__T1__tau0.9__sig1.5,ppo,1,1.0,0.9,1.5,20,0.32512386677577304,0.4177237640708049,0.08403620585319022,72.75,0.32705078125,9.75,,,,shift
ppo__s2__T1__tau0.9__sig1.5,ppo,2,1.0,0.9,1.5,20,0.3138228201276748,0.41099205736887895,0.08331531060329803,75.4,0.326513671875,8.6,,,,shift
ppo__s3__T1__tau0.9__sig1.5,ppo,3,1.0,0.9,1.5,20,0.3000763291868135,0.40039339997005363,0.08106786563255731,75.3,0.3265625,8.85,,,,shift
ppo__s4__T1__tau0.9__sig1.5,ppo,4,1.0,0.9,1.5,20,0.32372992275161183,0.42495938786649373,0.08426110570237491,72.2,0.326123046875,10.35,,,,shift
ppo__s0__T2__tau0.9__sig1.5,ppo,0,2.0,0.9,1.5,20,0.26719755068695317,0.5177595592398685,0.075902972705534,43.2,0.318701171875,12.65,,,,shift
ppo__s1__T2__tau0.9__sig1.5,ppo,1,2.0,0.9,1.5,20,0.2668939656897575,0.5114855971964388,0.06878627086775299,40.6,0.322314453125,8.65,,,,shift
ppo__s2__T2__tau0.9__sig1.5,ppo,2,2.0,0.9,1.5,20,0.2554295332508397,0.4850839152377409,0.0683860675453071,45.0,0.320068359375,8.4,,,,shift
ppo__s3__T2__tau0.9__sig1.5,ppo,3,2.0,0.9,1.5,20,0.2492948073884717,0.4864486502065189,0.06705587873605849,44.05,0.325390625,9.9,,,,shift
ppo__s4__T2__tau0.9__sig1.5,ppo,4,2.0,0.9,1.5,20,0.2531943275349927,0.49334843280298324,0.06697431636544322,42.85,0.32275390625,13.25,,,,shift
ppo__s0__T3__tau0.9__sig1.5,ppo,0,3.0,0.9,1.5,20,0.21188322860390008,0.6041687195131539,0.06071374495272132,23.8,0.31552734375,19.8,,,,shift
ppo__s1__T3__tau0.9__sig1.5,ppo,1,3.0,0.9,1.5,20,0.19979650540431193,0.6054547839234313,0.051852558044417116,20.3,0.32373046875,13.35,,,,shift
ppo__s2__T3__tau0.9__sig1.5,ppo,2,3.0,0.9,1.5,20,0.19557131030032054,0.5959327871376736,0.05296180096897642,21.35,0.323388671875,6.25,,,,shift
ppo__s3__T3__tau0.9__sig1.5,ppo,3,3.0,0.9,1.5,20,0.19205166305248855,0.5755654309891907,0.052439931996853,23.6,0.32451171875,19.65,,,,shift
ppo__s4__T3__tau0.9__sig1.5,ppo,4,3.0,0.9,1.5,20,0.19685125042534654,0.5881285031561234,0.05147560429134802,22.25,0.318798828125,13.7,,,,shift
ppo__s0__T4__tau0.9__sig1.5,ppo,0,4.0,0.9,1.5,20,0.14583550927623495,0.6305681968479409,0.04054284716609391,14.3,0.31689453125,19.8,,,,shift
ppo__s1__T4__tau0.9__sig1.5,ppo,1,4.0,0.9,1.5,20,0.15360798971543171,0.6451166539702777,0.03888482066309817,13.1,0.32041015625,12.0,,,,shift
ppo__s2__T4__tau0.9__sig1.5,ppo,2,4.0,0.9,1.5,20,0.14771095957314492,0.6439011522456525,0.03912770163938284,13.4,0.320556640625,13.15,,,,shift
ppo__s3__T4__tau0.9__sig1.5,ppo,3,4.0,0.9,1.5,20,0.15078307181379044,0.636519508607696,0.04045286543167408,13.7,0.31708984375,17.65,,,,shift
ppo__s4__T4__tau0.9__sig1.5,ppo,4,4.0,0.9,1.5,20,0.13711505967873394,0.6551598179364923,0.035439043856511,12.0,0.3216796875,15.5,,,,shift
oracle__s0__T0.3__tau0.55__sig1.5,oracle,0,0.3,0.55,1.5,20,0.9826858277988304,0.7942181355654884,0.27488813299787646,44.05,0.275341796875,1.4,,,,shift
oracle__s1__T0.3__tau0.55__sig1.5,oracle,1,0.3,0.55,1.5,20,0.9990697674418605,0.7888955800150008,0.2579673697100683,43.35,0.26357421875,2.0,,,,shift
oracle__s2__T0.3__tau0.55__sig1.5,oracle,2,0.3,0.55,1.5,20,0.9834808696259968,0.7864428510274998,0.2616557522366523,44.2,0.269140625,1.4,,,,shift
oracle__s3__T0.3__tau0.55__sig1.5,oracle,3,0.3,0.55,1.5,20,0.9910703048180924,0.7896347346015681,0.2644228893151777,44.2,0.26552734375,1.6,,,,shift
oracle__s4__T0.3__tau0.55__sig1.5,oracle,4,0.3,0.55,1.5,20,0.9957491898939267,0.7904785950801339,0.26157220273344545,43.35,0.26533203125,1.35,,,,shift
oracle__s0__T0.5__tau0.55__sig1.5,oracle,0,0.5,0.55,1.5,20,0.9855591555055627,0.7863141694493445,0.2761654039396597,46.4,0.281005859375,1.5,,,,shift
oracle__s1__T0.5__tau0.55__sig1.5,oracle,1,0.5,0.55,1.5,20,0.9971449923015007,0.7825591440684206,0.25728983889195683,45.0,0.26640625,1.6,,,,shift
oracle__s2__T0.5__tau0.55__sig1.5,oracle,2,0.5,0.55,1.5,20,0.9877188924813858,0.79423447163537,0.2633130857978222,42.5,0.269873046875,1.45,,,,shift
oracle__s3__T0.5__tau0.55__sig1.5,oracle,3,0.5,0.55,1.5,20,0.9952722649074264,0.7941970890103633,0.26590997790600684,43.05,0.269189453125,1.4,,,,shift
oracle__s4__T0.5__tau0.55__sig1.5,oracle,4,0.5,0.55,1.5,20,0.9955033416875523,0.7891371249112327,0.261562733832819,43.65,0.2673828125,1.65,,,,shift
oracle__s0__T1__tau0.55__sig1.5,oracle,0,1.0,0.55,1.5,20,0.9830514161902162,0.7944717999156011,0.27486171713219754,44.3,0.27705078125,1.7,,,,shift
oracle__s1__T1__tau0.55__sig1.5,oracle,1,1.0,0.55,1.5,20,0.999282358468405,0.7974070040278622,0.25805885132408213,41.45,0.265576171875,2.05,,,,shift
oracle__s2__T1__tau0.55__sig1.5,oracle,2,1.0,0.55,1.5,20,0.9839892020959624,0.7921714759524434,0.2618788831015684,42.8,0.268359375,1.4,,,,shift
oracle__s3__T1__tau0.55__sig1.5,oracle,3,1.0,0.55,1.5,20,0.9901168736136835,0.7903028800831816,0.2641331210545198,44.1,0.266845703125,1.6,,,,shift
oracle__s4__T1__tau0.55__sig1.5,oracle,4,1.0,0.55,1.5,20,0.9932956229772868,0.7862038628621038,0.26079486475104036,44.4,0.266845703125,1.65,,,,shift
oracle__s0__T2__tau0.55__sig1.5,oracle,0,2.0,0.55,1.5,20,0.9814545095955826,0.7945180986491384,0.2743089172589235,44.05,0.280517578125,1.5,,,,shift
oracle__s1__T2__tau0.55__sig1.5,oracle,1,2.0,0.55,1.5,20,0.9965116279069768,0.8014069591851142,0.25709202410389353,40.2,0.2607421875,1.6,,,,shift
oracle__s2__T2__tau0.55__sig1.5,oracle,2,2.0,0.55,1.5,20,0.9836528836948208,0.7845812660887532,0.26182601004282546,44.55,0.272998046875,1.65,,,,shift
oracle__s3__T2__tau0.55__sig1.5,oracle,3,2.0,0.55,1.5,20,0.9948790331801239,0.7961720596590581,0.2658068127145374,42.65,0.27001953125,1.6,,,,shift
oracle__s4__T2__tau0.55__sig1.5,oracle,4,2.0,0.55,1.5,20,0.9950225943646995,0.7995719528333092,0.2613743370304332,41.25,0.26611328125,1.45,,,,shift
oracle__s0__T3__tau0.55__sig1.5,oracle,0,3.0,0.55,1.5,20,0.986007887178876,0.8083356579101219,0.27606330559686176,40.35,0.27783203125,1.55,,,,shift
oracle__s1__T3__tau0.55__sig1.5,oracle,1,3.0,0.55,1.5,20,0.992660001313699,0.8021340947718654,0.2558175121318421,39.65,0.26376953125,1.6,,,,shift
oracle__s2__T3__tau0.55__sig1.5,oracle,2,3.0,0.55,1.5,20,0.9861947724990754,0.7991153182198912,0.2627931315345378,41.0,0.270751953125,1.75,,,,shift
oracle__s3__T3__tau0.55__sig1.5,oracle,3,3.0,0.55,1.5,20,0.9934892543809501,0.800747024510159,0.2652376574012868,41.55,0.26943359375,1.7,,,,shift
oracle__s4__T3__tau0.55__sig1.5,oracle,4,3.0,0.55,1.5,20,0.9964680324548745,0.8019787298891423,0.26186016540283613,40.65,0.267724609375,1.55,,,,shift
oracle__s0__T4__tau0.55__sig1.5,oracle,0,4.0,0.55,1.5,20,0.9895328857031419,0.800284982236121,0.27737268937968945,42.55,0.2796875,1.5,,,,shift
oracle__s1__T4__tau0.55__sig1.5,oracle,1,4.0,0.55,1.5,20,0.998600242477681,0.8012721062593829,0.2577102356162291,40.45,0.264208984375,2.05,,,,shift
oracle__s2__T4__tau0.55__sig1.5,oracle,2,4.0,0.55,1.5,20,0.982768793275126,0.7985805524766696,0.2616156748620945,41.35,0.270703125,1.4,,,,shift
oracle__s3__T4__tau0.55__sig1.5,oracle,3,4.0,0.55,1.5,20,0.9926247837155946,0.8044774487290596,0.2650051922475182,40.35,0.268994140625,1.8,,,,shift
oracle__s4__T4__tau0.55__sig1.5,oracle,4,4.0,0.55,1.5,20,0.9926336675020885,0.800217391396471,0.26067011943144214,41.1,0.2716796875,1.9,,,,shift
oracle__s0__T0.3__tau0.6__sig1.5,oracle,0,0.3,0.6,1.5,20,0.9857762106033047,0.7919367926133852,0.2757658159306024,44.95,0.2763671875,1.4,,,,shift
oracle__s1__T0.3__tau0.6__sig1.5,oracle,1,0.3,0.6,1.5,20,0.9986046511627908,0.7876951251810308,0.25782020816113604,43.65,0.262353515625,1.6,,,,shift
oracle__s2__T0.3__tau0.6__sig1.5,oracle,2,0.3,0.6,1.5,20,0.9831528475574558,0.7894561625238012,0.261779236038368,43.75,0.26865234375,1.8,,,,shift
oracle__s3__T0.3__tau0.6__sig1.5,oracle,3,0.3,0.6,1.5,20,0.9930598755268955,0.7917985813320568,0.265117396004927,43.8,0.26767578125,1.55,,,,shift
oracle__s4__T0.3__tau0.6__sig1.5,oracle,4,0.3,0.6,1.5,20,0.9962221842485001,0.7929772367240087,0.2617920020461189,42.75,0.26640625,1.4,,,,shift
oracle__s0__T0.5__tau0.6__sig1.5,oracle,0,0.5,0.6,1.5,20,0.9856343605851825,0.7955896626325111,0.2760057927592038,44.05,0.27998046875,1.7,,,,shift
oracle__s1__T0.5__tau0.6__sig1.5,oracle,1,0.5,0.6,1.5,20,0.9990697674418605,0.7977973766411556,0.25793288011332566,41.1,0.263232421875,1.6,,,,shift
oracle__s2__T0.5__tau0.6__sig1.5,oracle,2,0.5,0.6,1.5,20,0.9847730694538139,0.7872242767873732,0.26226384736650654,44.15,0.26728515625,1.45,,,,shift
oracle__s3__T0.5__tau0.6__sig1.5,oracle,3,0.5,0.6,1.5,20,0.9950697312356604,0.798358115643911,0.265792512588903,42.05,0.267919921875,1.7,,,,shift
oracle__s4__T0.5__tau0.6__sig1.5,oracle,4,0.5,0.6,1.5,20,0.9966972355130249,0.7936502717664873,0.26193771790356735,42.75,0.266650390625,1.65,,,,shift
oracle__s0__T1__tau0.6__sig1.5,oracle,0,1.0,0.6,1.5,20,0.9835426299991191,0.8062217008815601,0.2749886905993022,41.1,0.27724609375,1.55,,,,shift
oracle__s1__T1__tau0.6__sig1.5,oracle,1,1.0,0.6,1.5,20,0.9952246258462505,0.7891069810157695,0.2566568333495781,43.3,0.26435546875,1.7,,,,shift
oracle__s2__T1__tau0.6__sig1.5,oracle,2,1.0,0.6,1.5,20,0.985658054990877,0.7947417130688981,0.262518836188351,41.95,0.268896484375,1.85,,,,shift
oracle__s3__T1__tau0.6__sig1.5,oracle,3,1.0,0.6,1.5,20,0.9910328942855182,0.7958594668458518,0.2644072059573097,42.75,0.2701171875,1.75,,,,shift
oracle__s4__T1__tau0.6__sig1.5,oracle,4,1.0,0.6,1.5,20,0.9943117262854105,0.8022837361640105,0.26118729432505894,40.35,0.268017578125,1.55,,,,shift
oracle__s0__T2__tau0.6__sig1.5,oracle,0,2.0,0.6,1.5,20,0.9832723561324619,0.8114555228333172,0.2749864162361341,39.7,0.278955078125,1.85,,,,shift
oracle__s1__T2__tau0.6__sig1.5,oracle,1,2.0,0.6,1.5,20,0.9964652086833283,0.8090366346956467,0.2570670533079811,38.45,0.265234375,1.6,,,,shift
oracle__s2__T2__tau0.6__sig1.5,oracle,2,2.0,0.6,1.5,20,0.9778905979476523,0.8027560709494785,0.25998835522787855,40.25,0.26875,1.65,,,,shift
oracle__s3__T2__tau0.6__sig1.5,oracle,3,2.0,0.6,1.5,20,0.9901049446235699,0.8009145850094983,0.2641217973398098,41.15,0.273876953125,1.75,,,,shift
oracle__s4__T2__tau0.6__sig1.5,oracle,4,2.0,0.6,1.5,20,0.9945653274600643,0.8097345003881437,0.26124194665421674,38.65,0.26689453125,1.5,,,,shift
oracle__s0__T3__tau0.6__sig1.5,oracle,0,3.0,0.6,1.5,20,0.9817694865926763,0.8214988526585774,0.2746002545115914,37.0,0.277490234375,1.75,,,,shift
oracle__s1__T3__tau0.6__sig1.5,oracle,1,3.0,0.6,1.5,20,0.9950318457147815,0.8157585782136758,0.256610401157233,36.35,0.265576171875,1.8,,,,shift
oracle__s2__T3__tau0.6__sig1.5,oracle,2,3.0,0.6,1.5,20,0.9732249785600675,0.8149841191914167,0.2581717517116042,36.45,0.26943359375,1.6,,,,shift
oracle__s3__T3__tau0.6__sig1.5,oracle,3,3.0,0.6,1.5,20,0.9926554179719954,0.8174147722063424,0.26503288444973655,36.95,0.271435546875,1.9,,,,shift
oracle__s4__T3__tau0.6__sig1.5,oracle,4,3.0,0.6,1.5,20,0.9933670983013089,0.8172119397959883,0.2608156582590538,36.6,0.269189453125,2.3,,,,shift
oracle__s0__T4__tau0.6__sig1.5,oracle,0,4.0,0.6,1.5,20,0.9817130847443243,0.8290843603118182,0.27459042737562184,35.1,0.280712890625,1.65,,,,shift
oracle__s1__T4__tau0.6__sig1.5,oracle,1,4.0,0.6,1.5,20,0.9924385554909604,0.8179991390914081,0.2557663745496307,35.7,0.268017578125,2.0,,,,shift
oracle__s2__T4__tau0.6__sig1.5,oracle,2,4.0,0.6,1.5,20,0.9796593752871614,0.8242976820416908,0.2605193850368304,34.6,0.269921875,1.35,,,,shift
oracle__s3__T4__tau0.6__sig1.5,oracle,3,4.0,0.6,1.5,20,0.9882959361398855,0.8301915422376878,0.26341922769701653,33.85,0.26923828125,1.95,,,,shift
oracle__s4__T4__tau0.6__sig1.5,oracle,4,4.0,0.6,1.5,20,0.9945509607351714,0.8208628681130812,0.2611963349908675,35.5,0.27392578125,1.7,,,,shift
oracle__s0__T0.3__tau0.65__sig1.5,oracle,0,0.3,0.65,1.5,20,0.9845634338617589,0.7885896725136811,0.275507349724898,45.7,0.278369140625,1.4,,,,shift
oracle__s1__T0.3__tau0.65__sig1.5,oracle,1,0.3,0.65,1.5,20,0.9969767441860465,0.7922833320841517,0.25719811429263406,42.25,0.26474609375,1.6,,,,shift
oracle__s2__T0.3__tau0.65__sig1.5,oracle,2,0.3,0.65,1.5,20,0.9837180511575265,0.7879738153507873,0.2619445668507034,44.05,0.270556640625,1.85,,,,shift
oracle__s3__T0.3__tau0.65__sig1.5,oracle,3,0.3,0.65,1.5,20,0.9902642252254312,0.7978570134730909,0.26418906008721066,42.2,0.266650390625,1.6,,,,shift
oracle__s4__T0.3__tau0.65__sig1.5,oracle,4,0.3,0.65,1.5,20,0.9952663856611224,0.7966177608673385,0.26146396983619913,41.8,0.26591796875,1.4,,,,shift
oracle__s0__T0.5__tau0.65__sig1.5,oracle,0,0.5,0.65,1.5,20,0.9833477875932317,0.7985364626837899,0.27521950747790463,43.0,0.27900390625,1.55,,,,shift
oracle__s1__T0.5__tau0.65__sig1.5,oracle,1,0.5,0.65,1.5,20,0.9974154083544583,0.7995986630473946,0.257384794794935,40.2,0.26279296875,1.95,,,,shift
oracle__s2__T0.5__tau0.65__sig1.5,oracle,2,0.5,0.65,1.5,20,0.9818126814489508,0.7939173392399301,0.26112794868434636,42.0,0.26748046875,1.75,,,,shift
oracle__s3__T0.5__tau0.65__sig1.5,oracle,3,0.5,0.65,1.5,20,0.9909790613828482,0.7928331825058378,0.2644044744851835,43.4,0.269775390625,1.6,,,,shift
oracle__s4__T0.5__tau0.65__sig1.5,oracle,4,0.5,0.65,1.5,20,0.9954895631830617,0.7889838331571122,0.26147859963923686,43.95,0.268359375,1.45,,,,shift
oracle__s0__T1__tau0.65__sig1.5,oracle,0,1.0,0.65,1.5,20,0.9834077313440621,0.8015166135488968,0.27512129311077493,42.25,0.2802734375,1.45,,,,shift
oracle__s1__T1__tau0.65__sig1.5,oracle,1,1.0,0.65,1.5,20,0.998332158797275,0.805611427363625,0.257701008196541,39.1,0.265771484375,1.95,,,,shift
oracle__s2__T1__tau0.65__sig1.5,oracle,2,1.0,0.65,1.5,20,0.9800365030628282,0.805173302066275,0.2605708689163863,38.9,0.26845703125,1.45,,,,shift
oracle__s3__T1__tau0.65__sig1.5,oracle,3,1.0,0.65,1.5,20,0.9891758458911679,0.8046232061010791,0.26381775720493206,40.25,0.268408203125,1.65,,,,shift
oracle__s4__T1__tau0.65__sig1.5,oracle,4,1.0,0.65,1.5,20,0.9952321776663882,0.8101455977325831,0.26149194601801723,38.5,0.266943359375,1.45,,,,shift
oracle__s0__T2__tau0.65__sig1.5,oracle,0,2.0,0.65,1.5,20,0.9751000695673389,0.8303545032758771,0.27194278638676667,34.85,0.277880859375,1.7,,,,shift
oracle__s1__T2__tau0.65__sig1.5,oracle,1,2.0,0.65,1.5,20,0.9942742699572058,0.827045212802021,0.2563387560448863,33.5,0.2646484375,1.85,,,,shift
oracle__s2__T2__tau0.65__sig1.5,oracle,2,2.0,0.65,1.5,20,0.9779189309858598,0.819291289244718,0.2599034739798338,35.65,0.26904296875,1.75,,,,shift
oracle__s3__T2__tau0.65__sig1.5,oracle,3,2.0,0.65,1.5,20,0.9899021879978352,0.8251611987520355,0.26400431007063246,35.15,0.267041015625,1.6,,,,shift
oracle__s4__T2__tau0.65__sig1.5,oracle,4,2.0,0.65,1.5,20,0.9971547239310397,0.828992464292727,0.2620385382297819,33.85,0.271142578125,1.7,,,,shift
oracle__s0__T3__tau0.65__sig1.5,oracle,0,3.0,0.65,1.5,20,0.9748750154068612,0.839133690582327,0.27165832418532043,32.45,0.28125,1.65,,,,shift
oracle__s1__T3__tau0.65__sig1.5,oracle,1,3.0,0.65,1.5,20,0.9911686205779286,0.8257666094879081,0.255328026188595,33.95,0.2669921875,1.9,,,,shift
oracle__s2__T3__tau0.65__sig1.5,oracle,2,3.0,0.65,1.5,20,0.9725505164111453,0.8213077665437896,0.2579378430921576,35.15,0.2734375,1.45,,,,shift
oracle__s3__T3__tau0.65__sig1.5,oracle,3,3.0,0.65,1.5,20,0.9867504363799897,0.8384017513244615,0.26291752745790514,31.85,0.267138671875,1.8,,,,shift
oracle__s4__T3__tau0.65__sig1.5,oracle,4,3.0,0.65,1.5,20,0.9899853726711312,0.8382435490039889,0.2597251798569317,31.2,0.268408203125,2.0,,,,shift
oracle__s0__T4__tau0.65__sig1.5,oracle,0,4.0,0.65,1.5,20,0.9675873220494633,0.8526693754554069,0.26962677795661893,29.25,0.2759765625,1.7,,,,shift
oracle__s1__T4__tau0.65__sig1.5,oracle,1,4.0,0.65,1.5,20,0.9889642027125036,0.8376468216805119,0.25469365376997305,30.75,0.266845703125,2.2,,,,shift
oracle__s2__T4__tau0.65__sig1.5,oracle,2,4.0,0.65,1.5,20,0.9690129746545987,0.8305958798583106,0.2565986974665231,32.3,0.2705078125,2.1,,,,shift
oracle__s3__T4__tau0.65__sig1.5,oracle,3,4.0,0.65,1.5,20,0.9809755858808131,0.837736109249646,0.2609468915974503,31.85,0.271923828125,2.05,,,,shift
oracle__s4__T4__tau0.65__sig1.5,oracle,4,4.0,0.65,1.5,20,0.9894393886672674,0.8397578054873541,0.2594526020682778,30.95,0.27197265625,2.1,,,,shift
oracle__s0__T0.3__tau0.7__sig1.5,oracle,0,0.3,0.7,1.5,20,0.976759213360992,0.7906099963365453,0.2727188932423964,44.75,0.27744140625,2.05,,,,shift
oracle__s1__T0.3__tau0.7__sig1.5,oracle,1,0.3,0.7,1.5,20,0.9936701023238002,0.7942487302731118,0.2561079372347254,41.55,0.261865234375,1.75,,,,shift
oracle__s2__T0.3__tau0.7__sig1.5,oracle,2,0.3,0.7,1.5,20,0.9800230594385054,0.7954665169272018,0.26061248841250106,41.55,0.269140625,1.55,,,,shift
oracle__s3__T0.3__tau0.7__sig1.5,oracle,3,0.3,0.7,1.5,20,0.9941400150922686,0.7900719469440802,0.26546861821216566,44.15,0.269921875,1.95,,,,shift
oracle__s4__T0.3__tau0.7__sig1.5,oracle,4,0.3,0.7,1.5,20,0.9952652464494569,0.8008016457776845,0.2614368281945657,40.85,0.268505859375,1.65,,,,shift
oracle__s0__T0.5__tau0.7__sig1.5,oracle,0,0.5,0.7,1.5,20,0.9756035677503755,0.8027683879957508,0.272375951417556,41.75,0.27763671875,1.65,,,,shift
oracle__s1__T0.5__tau0.7__sig1.5,oracle,1,0.5,0.7,1.5,20,0.9985958337925714,0.7968068394391099,0.2577716376074749,41.2,0.265283203125,1.8,,,,shift
oracle__s2__T0.5__tau0.7__sig1.5,oracle,2,0.5,0.7,1.5,20,0.9778753734317475,0.8012008482621269,0.2598056817787203,39.9,0.266162109375,1.85,,,,shift
oracle__s3__T0.5__tau0.7__sig1.5,oracle,3,0.5,0.7,1.5,20,0.9924538675843986,0.806993844452214,0.26488234679660494,39.65,0.26982421875,1.75,,,,shift
oracle__s4__T0.5__tau0.7__sig1.5,oracle,4,0.5,0.7,1.5,20,0.9940656565656566,0.8077841517103206,0.26103370160538275,39.05,0.26689453125,1.35,,,,shift
oracle__s0__T1__tau0.7__sig1.5,oracle,0,1.0,0.7,1.5,20,0.9780740941844901,0.8196339477840292,0.2732949351863778,37.5,0.2751953125,1.55,,,,shift
oracle__s1__T1__tau0.7__sig1.5,oracle,1,1.0,0.7,1.5,20,0.998332158797275,0.8207948291910032,0.2577095703165891,35.3,0.2626953125,1.95,,,,shift
oracle__s2__T1__tau0.7__sig1.5,oracle,2,1.0,0.7,1.5,20,0.9713440661811281,0.8107186933581791,0.25791138183745016,37.55,0.26611328125,1.7,,,,shift
oracle__s3__T1__tau0.7__sig1.5,oracle,3,1.0,0.7,1.5,20,0.9907705346321831,0.8082796338234273,0.26432483855979183,39.6,0.27109375,1.65,,,,shift
oracle__s4__T1__tau0.7__sig1.5,oracle,4,1.0,0.7,1.5,20,0.9938576555023924,0.8170103009140404,0.2609998847352112,36.6,0.266357421875,1.65,,,,shift
oracle__s0__T2__tau0.7__sig1.5,oracle,0,2.0,0.7,1.5,20,0.9725195166085523,0.8393081682770911,0.2706824312953491,32.45,0.2771484375,1.85,,,,shift
oracle__s1__T2__tau0.7__sig1.5,oracle,1,2.0,0.7,1.5,20,0.9928599994471379,0.8319390795270166,0.2560077288547866,32.4,0.264892578125,1.55,,,,shift
oracle__s2__T2__tau0.7__sig1.5,oracle,2,2.0,0.7,1.5,20,0.9697550760098949,0.8237802178755509,0.25701634940333284,34.35,0.268017578125,1.85,,,,shift
oracle__s3__T2__tau0.7__sig1.5,oracle,3,2.0,0.7,1.5,20,0.9857576356970267,0.8314809656315377,0.26263605275445295,33.3,0.27021484375,1.9,,,,shift
oracle__s4__T2__tau0.7__sig1.5,oracle,4,2.0,0.7,1.5,20,0.9893937657980653,0.8272780582030672,0.259543748513403,33.95,0.26884765625,1.85,,,,shift
oracle__s0__T3__tau0.7__sig1.5,oracle,0,3.0,0.7,1.5,20,0.9610741227728207,0.8597968673900125,0.2674887014142618,26.95,0.27275390625,2.05,,,,shift
oracle__s1__T3__tau0.7__sig1.5,oracle,1,3.0,0.7,1.5,20,0.9916367972319053,0.8483990290264124,0.2555008074320294,28.5,0.266162109375,1.9,,,,shift
oracle__s2__T3__tau0.7__sig1.5,oracle,2,3.0,0.7,1.5,20,0.9655562564337565,0.8403362368587466,0.25536689955881486,30.1,0.271484375,1.8,,,,shift
oracle__s3__T3__tau0.7__sig1.5,oracle,3,3.0,0.7,1.5,20,0.9753149981911559,0.8413255826285175,0.2589590700307619,30.95,0.272119140625,1.8,,,,shift
oracle__s4__T3__tau0.7__sig1.5,oracle,4,3.0,0.7,1.5,20,0.9914070361341663,0.8460275625259879,0.2602750555407023,29.6,0.269921875,1.9,,,,shift
oracle__s0__T4__tau0.7__sig1.5,oracle,0,4.0,0.7,1.5,20,0.9529379386543703,0.8667829162218581,0.26443553371725714,25.3,0.269873046875,2.1,,,,shift
oracle__s1__T4__tau0.7__sig1.5,oracle,1,4.0,0.7,1.5,20,0.9807266897822398,0.8641591512707745,0.2521238496708599,24.9,0.2669921875,2.05,,,,shift
oracle__s2__T4__tau0.7__sig1.5,oracle,2,4.0,0.7,1.5,20,0.9598588328568883,0.8523967266925327,0.25359350398394076,27.35,0.267041015625,2.2,,,,shift
oracle__s3__T4__tau0.7__sig1.5,oracle,3,4.0,0.7,1.5,20,0.9728907358308316,0.8592138606743834,0.2582989735845616,26.65,0.27041015625,1.75,,,,shift
oracle__s4__T4__tau0.7__sig1.5,oracle,4,4.0,0.7,1.5,20,0.9807550338551373,0.8640777004843743,0.2566643157441181,25.1,0.268359375,1.8,,,,shift
oracle__s0__T0.3__tau0.75__sig1.5,oracle,0,0.3,0.75,1.5,20,0.9823746832783264,0.7963718664268704,0.2747915540810493,43.65,0.280859375,1.45,,,,shift
oracle__s1__T0.3__tau0.75__sig1.5,oracle,1,0.3,0.75,1.5,20,0.9976744186046511,0.7986735279833697,0.2574325617495493,40.65,0.261962890625,1.5,,,,shift
oracle__s2__T0.3__tau0.75__sig1.5,oracle,2,0.3,0.75,1.5,20,0.9805897374770275,0.7938056253784097,0.2606844362576876,42.25,0.266845703125,1.75,,,,shift
oracle__s3__T0.3__tau0.75__sig1.5,oracle,3,0.3,0.75,1.5,20,0.9916750493547672,0.7985258162781934,0.2646566986548176,41.9,0.26728515625,1.65,,,,shift
oracle__s4__T0.3__tau0.75__sig1.5,oracle,4,0.3,0.75,1.5,20,0.9961538366525632,0.7968997116630168,0.2617288706235613,41.8,0.265625,1.5,,,,shift
oracle__s0__T0.5__tau0.75__sig1.5,oracle,0,0.5,0.75,1.5,20,0.9845253343985838,0.813300805481183,0.27526796827756006,39.35,0.274462890625,1.4,,,,shift
oracle__s1__T0.5__tau0.75__sig1.5,oracle,1,0.5,0.75,1.5,20,0.9967353686762923,0.8074044108611401,0.25709903215092567,38.55,0.26259765625,1.7,,,,shift
oracle__s2__T0.5__tau0.75__sig1.5,oracle,2,0.5,0.75,1.5,20,0.9760064834167042,0.796490376407076,0.2591932234784634,41.2,0.2685546875,1.75,,,,shift
oracle__s3__T0.5__tau0.75__sig1.5,oracle,3,0.5,0.75,1.5,20,0.9917335547628303,0.8079317247190889,0.2647077825605905,39.2,0.26962890625,1.65,,,,shift
oracle__s4__T0.5__tau0.75__sig1.5,oracle,4,0.5,0.75,1.5,20,0.9955044808992177,0.8056991793930818,0.2615346796826116,39.75,0.27021484375,1.8,,,,shift
oracle__s0__T1__tau0.75__sig1.5,oracle,0,1.0,0.75,1.5,20,0.9777630828011319,0.8286187229308604,0.27293073527061196,35.3,0.276611328125,1.65,,,,shift
oracle__s1__T1__tau0.75__sig1.5,oracle,1,1.0,0.75,1.5,20,0.995622943510773,0.8262192128928408,0.25684507282370106,33.9,0.266259765625,1.9,,,,shift
oracle__s2__T1__tau0.75__sig1.5,oracle,2,1.0,0.75,1.5,20,0.97617588213596,0.8139382644735667,0.25913688651663114,37.05,0.26943359375,2.05,,,,shift
oracle__s3__T1__tau0.75__sig1.5,oracle,3,1.0,0.75,1.5,20,0.9864095212924704,0.8267652952090258,0.2628459436138616,34.75,0.2671875,2.0,,,,shift
oracle__s4__T1__tau0.75__sig1.5,oracle,4,1.0,0.75,1.5,20,0.9940511818762593,0.8233578784079523,0.2610414101108679,35.05,0.267138671875,2.1,,,,shift
oracle__s0__T2__tau0.75__sig1.5,oracle,0,2.0,0.75,1.5,20,0.9706342457170614,0.8509776513610211,0.2708175440729075,29.35,0.275244140625,1.7,,,,shift
oracle__s1__T2__tau0.75__sig1.5,oracle,1,2.0,0.75,1.5,20,0.9882145813252403,0.8415918850372831,0.2543257227689534,30.4,0.26162109375,2.25,,,,shift
oracle__s2__T2__tau0.75__sig1.5,oracle,2,2.0,0.75,1.5,20,0.9629972744499085,0.8333971490840455,0.2546508479685282,31.85,0.269091796875,1.55,,,,shift
oracle__s3__T2__tau0.75__sig1.5,oracle,3,2.0,0.75,1.5,20,0.9794994746709692,0.8390835654352259,0.26035858030448633,31.45,0.271826171875,2.05,,,,shift
oracle__s4__T2__tau0.75__sig1.5,oracle,4,2.0,0.75,1.5,20,0.9824482839857366,0.8351809309673829,0.257315126327407,32.1,0.2685546875,1.55,,,,shift
oracle__s0__T3__tau0.75__sig1.5,oracle,0,3.0,0.75,1.5,20,0.9597933689570569,0.8748874877317954,0.26688882086807897,23.65,0.271142578125,1.75,,,,shift
oracle__s1__T3__tau0.75__sig1.5,oracle,1,3.0,0.75,1.5,20,0.9759505665913097,0.8580084014859766,0.2506308267457498,25.95,0.26494140625,2.0,,,,shift
oracle__s2__T3__tau0.75__sig1.5,oracle,2,3.0,0.75,1.5,20,0.9539381660058958,0.8579784311158136,0.25181736578303643,26.0,0.265087890625,1.75,,,,shift
oracle__s3__T3__tau0.75__sig1.5,oracle,3,3.0,0.75,1.5,20,0.9679618502665377,0.8621167261056858,0.256743740163461,25.95,0.26884765625,1.4,,,,shift
oracle__s4__T3__tau0.75__sig1.5,oracle,4,3.0,0.75,1.5,20,0.9768925179734987,0.8599662994262116,0.25570149180654217,25.95,0.26689453125,1.65,,,,shift
oracle__s0__T4__tau0.75__sig1.5,oracle,0,4.0,0.75,1.5,20,0.9283855163171669,0.884950887742536,0.25658024055682616,20.7,0.266748046875,2.0,,,,shift
oracle__s1__T4__tau0.75__sig1.5,oracle,1,4.0,0.75,1.5,20,0.9666345027145177,0.8881487869132876,0.24787379721934796,19.4,0.2595703125,2.7,,,,shift
oracle__s2__T4__tau0.75__sig1.5,oracle,2,4.0,0.75,1.5,20,0.9346985743463954,0.8814604460456203,0.24574534847197524,20.5,0.265771484375,1.95,,,,shift
oracle__s3__T4__tau0.75__sig1.5,oracle,3,4.0,0.75,1.5,20,0.9557660625921729,0.8826921900609994,0.2528213060537451,21.15,0.268408203125,2.1,,,,shift
oracle__s4__T4__tau0.75__sig1.5,oracle,4,4.0,0.75,1.5,20,0.9585039564913362,0.8859876970894478,0.24996695233432784,20.05,0.26103515625,2.6,,,,shift
oracle__s0__T0.3__tau0.85__sig1.5,oracle,0,0.3,0.85,1.5,20,0.9788014404579851,0.8065597286319626,0.27308282564435904,41.05,0.27392578125,1.75,,,,shift
oracle__s1__T0.3__tau0.85__sig1.5,oracle,1,0.3,0.85,1.5,20,0.9933305869433351,0.8009522701064599,0.256002624632018,40.0,0.2662109375,2.1,,,,shift
oracle__s2__T0.3__tau0.85__sig1.5,oracle,2,0.3,0.85,1.5,20,0.9735631381239843,0.8160974994243396,0.25849113778240296,36.4,0.264208984375,1.45,,,,shift
oracle__s3__T0.3__tau0.85__sig1.5,oracle,3,0.3,0.85,1.5,20,0.9874549232809677,0.8019016629440341,0.26317589502817185,40.7,0.26708984375,1.85,,,,shift
oracle__s4__T0.3__tau0.85__sig1.5,oracle,4,0.3,0.85,1.5,20,0.9952907837776259,0.8099128643153138,0.2614778468634792,38.4,0.268798828125,1.7,,,,shift
oracle__s0__T0.5__tau0.85__sig1.5,oracle,0,0.5,0.85,1.5,20,0.9761613942411305,0.8203000163085115,0.27267705581760443,37.4,0.274951171875,1.65,,,,shift
oracle__s1__T0.5__tau0.85__sig1.5,oracle,1,0.5,0.85,1.5,20,0.9950729753680818,0.8191220208021704,0.2566071247036038,35.45,0.264453125,1.8,,,,shift
oracle__s2__T0.5__tau0.85__sig1.5,oracle,2,0.5,0.85,1.5,20,0.9802833414803847,0.8100937175013503,0.26074963924327094,37.85,0.265283203125,1.55,,,,shift
oracle__s3__T0.5__tau0.85__sig1.5,oracle,3,0.5,0.85,1.5,20,0.9864758314086879,0.8103788777449518,0.2628659615630556,38.6,0.268212890625,1.75,,,,shift
oracle__s4__T0.5__tau0.85__sig1.5,oracle,4,0.5,0.85,1.5,20,0.9945489038252197,0.8285360724234687,0.2611848390879305,34.05,0.264013671875,1.7,,,,shift
oracle__s0__T1__tau0.85__sig1.5,oracle,0,1.0,0.85,1.5,20,0.9647521946314948,0.8443434488661602,0.26897833199986626,30.8,0.27158203125,1.7,,,,shift
oracle__s1__T1__tau0.85__sig1.5,oracle,1,1.0,0.85,1.5,20,0.9878806420153318,0.8290399646403002,0.2543796449024654,32.95,0.266064453125,2.05,,,,shift
oracle__s2__T1__tau0.85__sig1.5,oracle,2,1.0,0.85,1.5,20,0.9678622306091554,0.8224042638174109,0.2562398466744274,34.5,0.269775390625,2.45,,,,shift
oracle__s3__T1__tau0.85__sig1.5,oracle,3,1.0,0.85,1.5,20,0.9780123502719716,0.8391996669250871,0.25999561144167593,31.2,0.266064453125,1.6,,,,shift
oracle__s4__T1__tau0.85__sig1.5,oracle,4,1.0,0.85,1.5,20,0.9902376838561049,0.8423697000142004,0.2597795088627332,30.5,0.266796875,1.65,,,,shift
oracle__s0__T2__tau0.85__sig1.5,oracle,0,2.0,0.85,1.5,20,0.935068898059219,0.8722045936885532,0.2589859943164301,23.55,0.267724609375,2.3,,,,shift
oracle__s1__T2__tau0.85__sig1.5,oracle,1,2.0,0.85,1.5,20,0.9706743369423215,0.8681472571069915,0.2489288511349501,23.65,0.259619140625,2.35,,,,shift
oracle__s2__T2__tau0.85__sig1.5,oracle,2,2.0,0.85,1.5,20,0.9463572984974047,0.8678776727703914,0.24928527457253957,23.7,0.26220703125,1.55,,,,shift
oracle__s3__T2__tau0.85__sig1.5,oracle,3,2.0,0.85,1.5,20,0.9538327828651203,0.8660469807949811,0.2521413401519229,24.8,0.265185546875,1.95,,,,shift
oracle__s4__T2__tau0.85__sig1.5,oracle,4,2.0,0.85,1.5,20,0.9703357667890133,0.871405513691867,0.25378769130301626,23.35,0.2642578125,1.7,,,,shift
oracle__s0__T3__tau0.85__sig1.5,oracle,0,3.0,0.85,1.5,20,0.8958950705847162,0.9104607852779413,0.24672426320790244,15.15,0.258349609375,2.35,,,,shift
oracle__s1__T3__tau0.85__sig1.5,oracle,1,3.0,0.85,1.5,20,0.9329933620698556,0.9132026195859456,0.23804823813640025,14.1,0.248388671875,2.85,,,,shift
oracle__s2__T3__tau0.85__sig1.5,oracle,2,3.0,0.85,1.5,20,0.8968965483555884,0.9066588704252199,0.2338922191592668,15.15,0.253564453125,2.3,,,,shift
oracle__s3__T3__tau0.85__sig1.5,oracle,3,3.0,0.85,1.5,20,0.9187486764768561,0.9103490546108365,0.242073855052814,15.1,0.2556640625,1.85,,,,shift
oracle__s4__T3__tau0.85__sig1.5,oracle,4,3.0,0.85,1.5,20,0.9270993319469572,0.9076171977579908,0.24107956996727067,15.4,0.252880859375,2.05,,,,shift
oracle__s0__T4__tau0.85__sig1.5,oracle,0,4.0,0.85,1.5,20,0.8497182670507282,0.9293585912486149,0.23324467254735276,11.1,0.24677734375,3.05,,,,shift
oracle__s1__T4__tau0.85__sig1.5,oracle,1,4.0,0.85,1.5,20,0.8799774004575767,0.93644647141584,0.2229345342563863,9.7,0.243408203125,2.8,,,,shift
oracle__s2__T4__tau0.85__sig1.5,oracle,2,4.0,0.85,1.5,20,0.8585543120267382,0.9301418282124242,0.2228875518895268,10.55,0.247216796875,2.75,,,,shift
oracle__s3__T4__tau0.85__sig1.5,oracle,3,4.0,0.85,1.5,20,0.8707261313373491,0.9291127174951279,0.22879041554789517,11.1,0.24833984375,2.45,,,,shift
oracle__s4__T4__tau0.85__sig1.5,oracle,4,4.0,0.85,1.5,20,0.869813551902703,0.9292246362215367,0.22471437360878369,10.8,0.241796875,2.35,,,,shift
oracle__s0__T0.3__tau0.9__sig1.5,oracle,0,0.3,0.9,1.5,20,0.9837795731624901,0.8145596181362359,0.2751116365214127,39.05,0.2740234375,1.75,,,,shift
oracle__s1__T0.3__tau0.9__sig1.5,oracle,1,0.3,0.9,1.5,20,0.9943425242171522,0.8099919112029322,0.25637661510331056,37.55,0.265673828125,1.95,,,,shift
oracle__s2__T0.3__tau0.9__sig1.5,oracle,2,0.3,0.9,1.5,20,0.9753886859361174,0.8009043194951154,0.2590239016317921,40.1,0.2638671875,1.7,,,,shift
oracle__s3__T0.3__tau0.9__sig1.5,oracle,3,0.3,0.9,1.5,20,0.9816191488875168,0.8054546087248111,0.2612158783047161,39.75,0.2673828125,1.9,,,,shift
oracle__s4__T0.3__tau0.9__sig1.5,oracle,4,0.3,0.9,1.5,20,0.9905473949281998,0.8085609893674135,0.25996113521735176,38.7,0.267724609375,1.45,,,,shift
oracle__s0__T0.5__tau0.9__sig1.5,oracle,0,0.5,0.9,1.5,20,0.9706615224431516,0.8272496969289612,0.2709955556091491,35.25,0.273779296875,1.7,,,,shift
oracle__s1__T0.5__tau0.9__sig1.5,oracle,1,0.5,0.9,1.5,20,0.9951741207957454,0.8265127973923467,0.2566229786591121,33.7,0.264208984375,1.7,,,,shift
oracle__s2__T0.5__tau0.9__sig1.5,oracle,2,0.5,0.9,1.5,20,0.9755656673038207,0.8260320778321816,0.2590602617225693,34.2,0.266455078125,1.55,,,,shift
oracle__s3__T0.5__tau0.9__sig1.5,oracle,3,0.5,0.9,1.5,20,0.9795850617029872,0.8262549173817832,0.2605048880378653,34.55,0.267431640625,1.5,,,,shift
oracle__s4__T0.5__tau0.9__sig1.5,oracle,4,0.5,0.9,1.5,20,0.987453617540331,0.8172169276225043,0.25905023060911975,36.3,0.268603515625,1.55,,,,shift
oracle__s0__T1__tau0.9__sig1.5,oracle,0,1.0,0.9,1.5,20,0.9580689129344655,0.8482523985097872,0.26612958139336973,29.55,0.27158203125,1.95,,,,shift
oracle__s1__T1__tau0.9__sig1.5,oracle,1,1.0,0.9,1.5,20,0.9834588221686795,0.846792229397041,0.2529766658603304,28.6,0.258642578125,1.75,,,,shift
oracle__s2__T1__tau0.9__sig1.5,oracle,2,1.0,0.9,1.5,20,0.9620991000197987,0.8381221441579833,0.25425110759624914,30.75,0.265234375,2.0,,,,shift
oracle__s3__T1__tau0.9__sig1.5,oracle,3,1.0,0.9,1.5,20,0.9683222540025319,0.8467057624509028,0.2567569342660755,29.5,0.2630859375,1.6,,,,shift
oracle__s4__T1__tau0.9__sig1.5,oracle,4,1.0,0.9,1.5,20,0.9794531049581817,0.8452106547565601,0.25632676462017534,29.25,0.2666015625,2.05,,,,shift
oracle__s0__T2__tau0.9__sig1.5,oracle,0,2.0,0.9,1.5,20,0.9102909853635529,0.8958170366805165,0.251170149963781,18.1,0.258984375,2.2,,,,shift
oracle__s1__T2__tau0.9__sig1.5,oracle,1,2.0,0.9,1.5,20,0.9449963981896564,0.8952317813109222,0.24137799596791262,17.75,0.254638671875,2.35,,,,shift
oracle__s2__T2__tau0.9__sig1.5,oracle,2,2.0,0.9,1.5,20,0.9240534584981839,0.8948674683457819,0.24211742837063271,17.85,0.258740234375,1.8,,,,shift
oracle__s3__T2__tau0.9__sig1.5,oracle,3,2.0,0.9,1.5,20,0.9347382107274823,0.8997591613455473,0.24624411592803078,17.3,0.259033203125,2.2,,,,shift
oracle__s4__T2__tau0.9__sig1.5,oracle,4,2.0,0.9,1.5,20,0.9395941463967734,0.8926690260232746,0.24486116694555057,18.5,0.25458984375,2.0,,,,shift
oracle__s0__T3__tau0.9__sig1.5,oracle,0,3.0,0.9,1.5,20,0.8278129167327493,0.9388000091934453,0.22656675797407097,9.3,0.242724609375,2.2,,,,shift
oracle__s1__T3__tau0.9__sig1.5,oracle,1,3.0,0.9,1.5,20,0.8862525706536045,0.942675875587842,0.22495676590269315,8.6,0.242919921875,2.85,,,,shift
oracle__s2__T3__tau0.9__sig1.5,oracle,2,3.0,0.9,1.5,20,0.8669042068857753,0.9344243726266361,0.22510894317124164,9.95,0.24638671875,2.3,,,,shift
oracle__s3__T3__tau0.9__sig1.5,oracle,3,3.0,0.9,1.5,20,0.8707342285790464,0.9329191563678713,0.2279207217589093,10.45,0.245166015625,2.4,,,,shift
oracle__s4__T3__tau0.9__sig1.5,oracle,4,3.0,0.9,1.5,20,0.8728682106131934,0.9323899810552995,0.2258776328136821,10.35,0.242578125,2.5,,,,shift
oracle__s0__T4__tau0.9__sig1.5,oracle,0,4.0,0.9,1.5,20,0.7718593091168446,0.9440058511264995,0.20985228046217377,7.9,0.2298828125,4.05,,,,shift
oracle__s1__T4__tau0.9__sig1.5,oracle,1,4.0,0.9,1.5,20,0.8215818168958657,0.9533952276698777,0.20707905407646438,6.45,0.232373046875,3.5,,,,shift
oracle__s2__T4__tau0.9__sig1.5,oracle,2,4.0,0.9,1.5,20,0.7962348115742826,0.9464280806976866,0.20524462113509517,7.35,0.2337890625,3.15,,,,shift
oracle__s3__T4__tau0.9__sig1.5,oracle,3,4.0,0.9,1.5,20,0.8008553566486724,0.9487420552785384,0.20919194053428897,7.2,0.232568359375,3.05,,,,shift
oracle__s4__T4__tau0.9__sig1.5,oracle,4,4.0,0.9,1.5,20,0.8168017406196336,0.9477337560535968,0.21010885108036953,7.35,0.229443359375,3.05,,,,shift
